sinav_yili,soru_no,durum,resmi_pdf,ana_konu,alt_konu,kazanim_veya_beceri,soru_baglami,sunum_bicimi,temsil,bilgi_veya_yorum,islem_yogunlugu,okuma_yuku,modelleme_ihtiyaci,akil_yurutme,konu_birlestirme,temel_cozum_adimlari,alternatif_yontem,celdirici_hata_noktasi,kritik_ayrim,tahmini_zorluk,tahmini_sure_saniye,tasnif_guveni,kaynak_parmak_izi,not
2018,1,geçerli,https://dokuman.osym.gov.tr/pdfdokuman/2018/YKS/TYT_01072018.pdf,Rasyonel Sayılar,kesir / ondalık gösterim,eş değer gösterimleri dönüştürme,soyut/yarı bağlamsal,tek temsilli,sözel metin,yorum/ilişki kurma,orta,orta,orta,orta,hayır,verileni ayır → uygun temsili kur → koşulu uygula → seçenek/sınırla kontrol et,seçenek eleme veya tersine çalışma; şekil sorusunda yardımcı çizgi/oran,payda ve işlem önceliği,payda ve işlem önceliği,kolay-orta,75,düşük,3954f47774f0,Baskın beceriye göre DRKOÇ editöryal sınıflandırması; soru metni yeniden yayımlanmamıştır.
2018,2,geçerli,https://dokuman.osym.gov.tr/pdfdokuman/2018/YKS/TYT_01072018.pdf,Üslü Sayılar,üs kuralları / katlanma,ortak tabana dönüştürme,soyut/yarı bağlamsal,tek temsilli,sözel metin,yorum/ilişki kurma,orta,orta,orta,orta,hayır,verileni ayır → uygun temsili kur → koşulu uygula → seçenek/sınırla kontrol et,seçenek eleme veya tersine çalışma; şekil sorusunda yardımcı çizgi/oran,toplamda üs birleştirme,toplamda üs birleştirme,kolay-orta,75,düşük,a7a3b702e5ab,Baskın beceriye göre DRKOÇ editöryal sınıflandırması; soru metni yeniden yayımlanmamıştır.
2018,3,geçerli,https://dokuman.osym.gov.tr/pdfdokuman/2018/YKS/TYT_01072018.pdf,Temel Kavramlar,sayı özelliği / yeni tanım,koşulu matematik diline çevirme,soyut/yarı bağlamsal,tek temsilli,sözel metin,yorum/ilişki kurma,düşük,orta,orta,orta,hayır,verileni ayır → uygun temsili kur → koşulu uygula → seçenek/sınırla kontrol et,seçenek eleme veya tersine çalışma; şekil sorusunda yardımcı çizgi/oran,örnek ve karşı örnek,örnek ve karşı örnek,kolay-orta,75,düşük,19e9858c207e,Baskın beceriye göre DRKOÇ editöryal sınıflandırması; soru metni yeniden yayımlanmamıştır.
2018,4,geçerli,https://dokuman.osym.gov.tr/pdfdokuman/2018/YKS/TYT_01072018.pdf,Temel Kavramlar,sayı özelliği / yeni tanım,koşulu matematik diline çevirme,soyut/yarı bağlamsal,tek temsilli,sözel metin,yorum/ilişki kurma,orta,orta,orta,orta,hayır,verileni ayır → uygun temsili kur → koşulu uygula → seçenek/sınırla kontrol et,seçenek eleme veya tersine çalışma; şekil sorusunda yardımcı çizgi/oran,örnek ve karşı örnek,örnek ve karşı örnek,kolay-orta,75,düşük,874038d1483c,Baskın beceriye göre DRKOÇ editöryal sınıflandırması; soru metni yeniden yayımlanmamıştır.
2018,5,geçerli,https://dokuman.osym.gov.tr/pdfdokuman/2018/YKS/TYT_01072018.pdf,Temel Kavramlar,sayı özelliği / yeni tanım,koşulu matematik diline çevirme,soyut/yarı bağlamsal,tek temsilli,sözel metin,doğrudan bilgi+uygulama,düşük,düşük,düşük,orta,hayır,verileni ayır → uygun temsili kur → koşulu uygula → seçenek/sınırla kontrol et,seçenek eleme veya tersine çalışma; şekil sorusunda yardımcı çizgi/oran,örnek ve karşı örnek,örnek ve karşı örnek,kolay-orta,75,düşük,2a2b86853238,Baskın beceriye göre DRKOÇ editöryal sınıflandırması; soru metni yeniden yayımlanmamıştır.
2018,6,geçerli,https://dokuman.osym.gov.tr/pdfdokuman/2018/YKS/TYT_01072018.pdf,Sayı Basamakları,rakam ve basamak koşulları,basamak çözümlemesi,soyut/yarı bağlamsal,tek temsilli,sözel metin,yorum/ilişki kurma,düşük,orta,orta,orta,hayır,verileni ayır → uygun temsili kur → koşulu uygula → seçenek/sınırla kontrol et,seçenek eleme veya tersine çalışma; şekil sorusunda yardımcı çizgi/oran,baştaki sıfır veya farklı rakam koşulu,baştaki sıfır veya farklı rakam koşulu,kolay-orta,75,yüksek,bc8ddac03819,Baskın beceriye göre DRKOÇ editöryal sınıflandırması; soru metni yeniden yayımlanmamıştır.
2018,7,geçerli,https://dokuman.osym.gov.tr/pdfdokuman/2018/YKS/TYT_01072018.pdf,Mutlak Değer,uzaklık ve parçalı koşul,mutlak değer denklemi kurma,soyut/yarı bağlamsal,tek temsilli,sözel metin,yorum/ilişki kurma,orta,orta,orta,orta,hayır,verileni ayır → uygun temsili kur → koşulu uygula → seçenek/sınırla kontrol et,seçenek eleme veya tersine çalışma; şekil sorusunda yardımcı çizgi/oran,tek dal alma,tek dal alma,kolay-orta,75,düşük,c08f5a694828,Baskın beceriye göre DRKOÇ editöryal sınıflandırması; soru metni yeniden yayımlanmamıştır.
2018,8,geçerli,https://dokuman.osym.gov.tr/pdfdokuman/2018/YKS/TYT_01072018.pdf,Temel Kavramlar,sayı özelliği / yeni tanım,koşulu matematik diline çevirme,soyut/yarı bağlamsal,tek temsilli,sözel metin,yorum/ilişki kurma,düşük,orta,orta,orta,hayır,verileni ayır → uygun temsili kur → koşulu uygula → seçenek/sınırla kontrol et,seçenek eleme veya tersine çalışma; şekil sorusunda yardımcı çizgi/oran,örnek ve karşı örnek,örnek ve karşı örnek,kolay-orta,75,düşük,2d415418a87f,Baskın beceriye göre DRKOÇ editöryal sınıflandırması; soru metni yeniden yayımlanmamıştır.
2018,9,geçerli,https://dokuman.osym.gov.tr/pdfdokuman/2018/YKS/TYT_01072018.pdf,Basit Eşitsizlikler,aralık / alt-üst sınır,çözüm kümesini bulma,soyut/yarı bağlamsal,tek temsilli,sözel metin,yorum/ilişki kurma,düşük,orta,orta,orta,hayır,verileni ayır → uygun temsili kur → koşulu uygula → seçenek/sınırla kontrol et,seçenek eleme veya tersine çalışma; şekil sorusunda yardımcı çizgi/oran,negatif sayıda yön değiştirme,negatif sayıda yön değiştirme,kolay-orta,75,düşük,4097c45a48df,Baskın beceriye göre DRKOÇ editöryal sınıflandırması; soru metni yeniden yayımlanmamıştır.
2018,10,geçerli,https://dokuman.osym.gov.tr/pdfdokuman/2018/YKS/TYT_01072018.pdf,Kümeler,küme işlemleri / Kartezyen çarpım,üyelik ve bölgeleri sınıflandırma,soyut/yarı bağlamsal,tek temsilli,sözel metin,yorum/ilişki kurma,düşük,orta,orta,orta,hayır,verileni ayır → uygun temsili kur → koşulu uygula → seçenek/sınırla kontrol et,seçenek eleme veya tersine çalışma; şekil sorusunda yardımcı çizgi/oran,kesişimi iki kez sayma,kesişimi iki kez sayma,kolay-orta,75,düşük,bb9d5f14f948,Baskın beceriye göre DRKOÇ editöryal sınıflandırması; soru metni yeniden yayımlanmamıştır.
2018,11,geçerli,https://dokuman.osym.gov.tr/pdfdokuman/2018/YKS/TYT_01072018.pdf,Üslü Sayılar,üs kuralları / katlanma,ortak tabana dönüştürme,soyut/yarı bağlamsal,tek temsilli,sözel metin,yorum/ilişki kurma,orta,orta,orta,orta,hayır,verileni ayır → uygun temsili kur → koşulu uygula → seçenek/sınırla kontrol et,seçenek eleme veya tersine çalışma; şekil sorusunda yardımcı çizgi/oran,toplamda üs birleştirme,toplamda üs birleştirme,kolay-orta,75,düşük,51bca2bd18b3,Baskın beceriye göre DRKOÇ editöryal sınıflandırması; soru metni yeniden yayımlanmamıştır.
2018,12,geçerli,https://dokuman.osym.gov.tr/pdfdokuman/2018/YKS/TYT_01072018.pdf,Köklü Sayılar,ana kök / kök sadeleştirme,tam kare çarpan kullanma,soyut/yarı bağlamsal,tek temsilli,sözel metin,yorum/ilişki kurma,orta,orta,orta,orta,hayır,verileni ayır → uygun temsili kur → koşulu uygula → seçenek/sınırla kontrol et,seçenek eleme veya tersine çalışma; şekil sorusunda yardımcı çizgi/oran,kökü toplam üzerine dağıtma,kökü toplam üzerine dağıtma,kolay-orta,75,düşük,4c020b42af65,Baskın beceriye göre DRKOÇ editöryal sınıflandırması; soru metni yeniden yayımlanmamıştır.
2018,13,geçerli,https://dokuman.osym.gov.tr/pdfdokuman/2018/YKS/TYT_01072018.pdf,Köklü Sayılar,ana kök / kök sadeleştirme,tam kare çarpan kullanma,soyut/yarı bağlamsal,tek temsilli,sözel metin,yorum/ilişki kurma,düşük,orta,orta,orta,hayır,verileni ayır → uygun temsili kur → koşulu uygula → seçenek/sınırla kontrol et,seçenek eleme veya tersine çalışma; şekil sorusunda yardımcı çizgi/oran,kökü toplam üzerine dağıtma,kökü toplam üzerine dağıtma,kolay-orta,75,düşük,e31bec75ca33,Baskın beceriye göre DRKOÇ editöryal sınıflandırması; soru metni yeniden yayımlanmamıştır.
2018,14,geçerli,https://dokuman.osym.gov.tr/pdfdokuman/2018/YKS/TYT_01072018.pdf,Fonksiyonlar,girdi-çıktı / grafik,temsil dönüşümü ve değer bulma,soyut/yarı bağlamsal,çok temsilli,sözel metin+grafik,yorum/ilişki kurma,düşük,orta,orta,orta,evet,verileni ayır → uygun temsili kur → koşulu uygula → seçenek/sınırla kontrol et,seçenek eleme veya tersine çalışma; şekil sorusunda yardımcı çizgi/oran,tanım kümesi veya bileşke sırası,tanım kümesi veya bileşke sırası,kolay-orta,75,yüksek,27224ecb3e37,Baskın beceriye göre DRKOÇ editöryal sınıflandırması; soru metni yeniden yayımlanmamıştır.
2018,15,geçerli,https://dokuman.osym.gov.tr/pdfdokuman/2018/YKS/TYT_01072018.pdf,Polinomlar,polinom değeri / kalan / kök,cebirsel yapıyı dönüştürme,soyut/yarı bağlamsal,tek temsilli,sözel metin,yorum/ilişki kurma,düşük,orta,orta,orta,hayır,verileni ayır → uygun temsili kur → koşulu uygula → seçenek/sınırla kontrol et,seçenek eleme veya tersine çalışma; şekil sorusunda yardımcı çizgi/oran,katsayı-kök işareti,katsayı-kök işareti,kolay-orta,75,yüksek,ca989817210c,Baskın beceriye göre DRKOÇ editöryal sınıflandırması; soru metni yeniden yayımlanmamıştır.
2018,16,geçerli,https://dokuman.osym.gov.tr/pdfdokuman/2018/YKS/TYT_01072018.pdf,Kümeler,küme işlemleri / Kartezyen çarpım,üyelik ve bölgeleri sınıflandırma,soyut/yarı bağlamsal,tek temsilli,sözel metin,yorum/ilişki kurma,orta,yüksek,orta,orta,hayır,verileni ayır → uygun temsili kur → koşulu uygula → seçenek/sınırla kontrol et,seçenek eleme veya tersine çalışma; şekil sorusunda yardımcı çizgi/oran,kesişimi iki kez sayma,kesişimi iki kez sayma,kolay-orta,75,düşük,55442a2220ac,Baskın beceriye göre DRKOÇ editöryal sınıflandırması; soru metni yeniden yayımlanmamıştır.
2018,17,geçerli,https://dokuman.osym.gov.tr/pdfdokuman/2018/YKS/TYT_01072018.pdf,Sayma,çarpma ilkesi / seçim-sıralama,durumları eksiksiz sayma,soyut/yarı bağlamsal,tek temsilli,sözel metin,yorum/ilişki kurma,orta,yüksek,orta,orta,hayır,verileni ayır → uygun temsili kur → koşulu uygula → seçenek/sınırla kontrol et,seçenek eleme veya tersine çalışma; şekil sorusunda yardımcı çizgi/oran,sıra veya tekrar koşulu,sıra veya tekrar koşulu,kolay-orta,75,düşük,01737e5d4c02,Baskın beceriye göre DRKOÇ editöryal sınıflandırması; soru metni yeniden yayımlanmamıştır.
2018,18,geçerli,https://dokuman.osym.gov.tr/pdfdokuman/2018/YKS/TYT_01072018.pdf,Problemler,çok adımlı günlük yaşam modeli,nicelik-birim-denklem kurma,soyut/yarı bağlamsal,çok temsilli,sözel metin+tablo,yorum/ilişki kurma,düşük,orta,orta,orta,evet,verileni ayır → uygun temsili kur → koşulu uygula → seçenek/sınırla kontrol et,seçenek eleme veya tersine çalışma; şekil sorusunda yardımcı çizgi/oran,bağlam veya birim koşulu,bağlam veya birim koşulu,kolay-orta,75,orta,02f88cb11ca3,Baskın beceriye göre DRKOÇ editöryal sınıflandırması; soru metni yeniden yayımlanmamıştır.
2018,19,geçerli,https://dokuman.osym.gov.tr/pdfdokuman/2018/YKS/TYT_01072018.pdf,Problemler,çok adımlı günlük yaşam modeli,nicelik-birim-denklem kurma,soyut/yarı bağlamsal,tek temsilli,sözel metin,yorum/ilişki kurma,düşük,orta,orta,orta,hayır,verileni ayır → uygun temsili kur → koşulu uygula → seçenek/sınırla kontrol et,seçenek eleme veya tersine çalışma; şekil sorusunda yardımcı çizgi/oran,bağlam veya birim koşulu,bağlam veya birim koşulu,kolay-orta,75,orta,7aac08b5c949,Baskın beceriye göre DRKOÇ editöryal sınıflandırması; soru metni yeniden yayımlanmamıştır.
2018,20,geçerli,https://dokuman.osym.gov.tr/pdfdokuman/2018/YKS/TYT_01072018.pdf,Problemler,çok adımlı günlük yaşam modeli,nicelik-birim-denklem kurma,soyut/yarı bağlamsal,tek temsilli,sözel metin,yorum/ilişki kurma,orta,orta,orta,orta,hayır,verileni ayır → uygun temsili kur → koşulu uygula → seçenek/sınırla kontrol et,seçenek eleme veya tersine çalışma; şekil sorusunda yardımcı çizgi/oran,bağlam veya birim koşulu,bağlam veya birim koşulu,kolay-orta,75,orta,9f9ff2d413aa,Baskın beceriye göre DRKOÇ editöryal sınıflandırması; soru metni yeniden yayımlanmamıştır.
2018,21,geçerli,https://dokuman.osym.gov.tr/pdfdokuman/2018/YKS/TYT_01072018.pdf,Problemler,çok adımlı günlük yaşam modeli,nicelik-birim-denklem kurma,soyut/yarı bağlamsal,çok temsilli,sözel metin+grafik,yorum/ilişki kurma,orta,orta,orta,orta,evet,verileni ayır → uygun temsili kur → koşulu uygula → seçenek/sınırla kontrol et,seçenek eleme veya tersine çalışma; şekil sorusunda yardımcı çizgi/oran,bağlam veya birim koşulu,bağlam veya birim koşulu,kolay-orta,75,orta,daebc9dcb076,Baskın beceriye göre DRKOÇ editöryal sınıflandırması; soru metni yeniden yayımlanmamıştır.
2018,22,geçerli,https://dokuman.osym.gov.tr/pdfdokuman/2018/YKS/TYT_01072018.pdf,Problemler,çok adımlı günlük yaşam modeli,nicelik-birim-denklem kurma,günlük yaşam,çok temsilli,sözel metin+günlük yaşam senaryosu,yorum/ilişki kurma,düşük,orta,yüksek,orta,evet,verileni ayır → uygun temsili kur → koşulu uygula → seçenek/sınırla kontrol et,seçenek eleme veya tersine çalışma; şekil sorusunda yardımcı çizgi/oran,bağlam veya birim koşulu,bağlam veya birim koşulu,orta,105,orta,02070a74ce7e,Baskın beceriye göre DRKOÇ editöryal sınıflandırması; soru metni yeniden yayımlanmamıştır.
2018,23,geçerli,https://dokuman.osym.gov.tr/pdfdokuman/2018/YKS/TYT_01072018.pdf,Problemler,çok adımlı günlük yaşam modeli,nicelik-birim-denklem kurma,soyut/yarı bağlamsal,tek temsilli,sözel metin,yorum/ilişki kurma,düşük,orta,orta,orta,hayır,verileni ayır → uygun temsili kur → koşulu uygula → seçenek/sınırla kontrol et,seçenek eleme veya tersine çalışma; şekil sorusunda yardımcı çizgi/oran,bağlam veya birim koşulu,bağlam veya birim koşulu,kolay-orta,75,orta,6aaeb9e50311,Baskın beceriye göre DRKOÇ editöryal sınıflandırması; soru metni yeniden yayımlanmamıştır.
2018,24,geçerli,https://dokuman.osym.gov.tr/pdfdokuman/2018/YKS/TYT_01072018.pdf,Problemler,çok adımlı günlük yaşam modeli,nicelik-birim-denklem kurma,günlük yaşam,çok temsilli,sözel metin+günlük yaşam senaryosu,yorum/ilişki kurma,orta,yüksek,yüksek,yüksek,evet,verileni ayır → uygun temsili kur → koşulu uygula → seçenek/sınırla kontrol et,seçenek eleme veya tersine çalışma; şekil sorusunda yardımcı çizgi/oran,bağlam veya birim koşulu,bağlam veya birim koşulu,zor,150,orta,31e7c0c86df5,Baskın beceriye göre DRKOÇ editöryal sınıflandırması; soru metni yeniden yayımlanmamıştır.
2018,25,geçerli,https://dokuman.osym.gov.tr/pdfdokuman/2018/YKS/TYT_01072018.pdf,Problemler,çok adımlı günlük yaşam modeli,nicelik-birim-denklem kurma,soyut/yarı bağlamsal,tek temsilli,sözel metin,yorum/ilişki kurma,orta,orta,orta,orta,hayır,verileni ayır → uygun temsili kur → koşulu uygula → seçenek/sınırla kontrol et,seçenek eleme veya tersine çalışma; şekil sorusunda yardımcı çizgi/oran,bağlam veya birim koşulu,bağlam veya birim koşulu,kolay-orta,75,orta,9c72769f6069,Baskın beceriye göre DRKOÇ editöryal sınıflandırması; soru metni yeniden yayımlanmamıştır.
2018,26,geçerli,https://dokuman.osym.gov.tr/pdfdokuman/2018/YKS/TYT_01072018.pdf,Problemler,çok adımlı günlük yaşam modeli,nicelik-birim-denklem kurma,soyut/yarı bağlamsal,tek temsilli,sözel metin,yorum/ilişki kurma,orta,yüksek,orta,orta,hayır,verileni ayır → uygun temsili kur → koşulu uygula → seçenek/sınırla kontrol et,seçenek eleme veya tersine çalışma; şekil sorusunda yardımcı çizgi/oran,bağlam veya birim koşulu,bağlam veya birim koşulu,kolay-orta,75,orta,45829042b90a,Baskın beceriye göre DRKOÇ editöryal sınıflandırması; soru metni yeniden yayımlanmamıştır.
2018,27,geçerli,https://dokuman.osym.gov.tr/pdfdokuman/2018/YKS/TYT_01072018.pdf,Problemler,çok adımlı günlük yaşam modeli,nicelik-birim-denklem kurma,soyut/yarı bağlamsal,tek temsilli,sözel metin,yorum/ilişki kurma,orta,orta,orta,orta,hayır,verileni ayır → uygun temsili kur → koşulu uygula → seçenek/sınırla kontrol et,seçenek eleme veya tersine çalışma; şekil sorusunda yardımcı çizgi/oran,bağlam veya birim koşulu,bağlam veya birim koşulu,kolay-orta,75,orta,1476ca249e14,Baskın beceriye göre DRKOÇ editöryal sınıflandırması; soru metni yeniden yayımlanmamıştır.
2018,28,geçerli,https://dokuman.osym.gov.tr/pdfdokuman/2018/YKS/TYT_01072018.pdf,Problemler,çok adımlı günlük yaşam modeli,nicelik-birim-denklem kurma,günlük yaşam,çok temsilli,sözel metin+günlük yaşam senaryosu,yorum/ilişki kurma,düşük,orta,yüksek,orta,evet,verileni ayır → uygun temsili kur → koşulu uygula → seçenek/sınırla kontrol et,seçenek eleme veya tersine çalışma; şekil sorusunda yardımcı çizgi/oran,bağlam veya birim koşulu,bağlam veya birim koşulu,orta,105,orta,ae1d31ef51b5,Baskın beceriye göre DRKOÇ editöryal sınıflandırması; soru metni yeniden yayımlanmamıştır.
2018,29,geçerli,https://dokuman.osym.gov.tr/pdfdokuman/2018/YKS/TYT_01072018.pdf,Olasılık,örnek uzay / olay,istenen ve tüm durumları sayma,soyut/yarı bağlamsal,tek temsilli,sözel metin,yorum/ilişki kurma,düşük,orta,orta,orta,hayır,verileni ayır → uygun temsili kur → koşulu uygula → seçenek/sınırla kontrol et,seçenek eleme veya tersine çalışma; şekil sorusunda yardımcı çizgi/oran,eş olasılık veya tümleyen,eş olasılık veya tümleyen,kolay-orta,75,düşük,4785dd63ec35,Baskın beceriye göre DRKOÇ editöryal sınıflandırması; soru metni yeniden yayımlanmamıştır.
2018,30,geçerli,https://dokuman.osym.gov.tr/pdfdokuman/2018/YKS/TYT_01072018.pdf,Olasılık,örnek uzay / olay,istenen ve tüm durumları sayma,soyut/yarı bağlamsal,tek temsilli,sözel metin,yorum/ilişki kurma,düşük,yüksek,orta,orta,hayır,verileni ayır → uygun temsili kur → koşulu uygula → seçenek/sınırla kontrol et,seçenek eleme veya tersine çalışma; şekil sorusunda yardımcı çizgi/oran,eş olasılık veya tümleyen,eş olasılık veya tümleyen,kolay-orta,75,düşük,e35c14494fa4,Baskın beceriye göre DRKOÇ editöryal sınıflandırması; soru metni yeniden yayımlanmamıştır.
2018,31,geçerli,https://dokuman.osym.gov.tr/pdfdokuman/2018/YKS/TYT_01072018.pdf,Açılar ve Üçgenler,açı-kenar / özel üçgen,şekilden zorunlu ilişki çıkarma,geometrik düzenek,tek temsilli,şekil,yorum/ilişki kurma,düşük,düşük,düşük,orta,hayır,verileni ayır → uygun temsili kur → koşulu uygula → seçenek/sınırla kontrol et,seçenek eleme veya tersine çalışma; şekil sorusunda yardımcı çizgi/oran,ölçeksiz şekilden varsayım,ölçeksiz şekilden varsayım,kolay-orta,75,düşük,metin-cikmadi,Baskın beceriye göre DRKOÇ editöryal sınıflandırması; soru metni yeniden yayımlanmamıştır.
2018,32,geçerli,https://dokuman.osym.gov.tr/pdfdokuman/2018/YKS/TYT_01072018.pdf,Açılar ve Üçgenler,açı-kenar / özel üçgen,şekilden zorunlu ilişki çıkarma,geometrik düzenek,çok temsilli,sözel metin+şekil,yorum/ilişki kurma,düşük,orta,orta,orta,evet,verileni ayır → uygun temsili kur → koşulu uygula → seçenek/sınırla kontrol et,seçenek eleme veya tersine çalışma; şekil sorusunda yardımcı çizgi/oran,ölçeksiz şekilden varsayım,ölçeksiz şekilden varsayım,kolay-orta,75,orta,5b3db747fe5d,Baskın beceriye göre DRKOÇ editöryal sınıflandırması; soru metni yeniden yayımlanmamıştır.
2018,33,geçerli,https://dokuman.osym.gov.tr/pdfdokuman/2018/YKS/TYT_01072018.pdf,Açılar ve Üçgenler,açı-kenar / özel üçgen,şekilden zorunlu ilişki çıkarma,geometrik düzenek,çok temsilli,sözel metin+şekil,yorum/ilişki kurma,orta,orta,orta,orta,evet,verileni ayır → uygun temsili kur → koşulu uygula → seçenek/sınırla kontrol et,seçenek eleme veya tersine çalışma; şekil sorusunda yardımcı çizgi/oran,ölçeksiz şekilden varsayım,ölçeksiz şekilden varsayım,kolay-orta,75,orta,11c28d2b51de,Baskın beceriye göre DRKOÇ editöryal sınıflandırması; soru metni yeniden yayımlanmamıştır.
2018,34,geçerli,https://dokuman.osym.gov.tr/pdfdokuman/2018/YKS/TYT_01072018.pdf,Dörtgenler,kare-dikdörtgen-yamuk,parçalara ayırma ve alan/oran,geometrik düzenek,çok temsilli,sözel metin+şekil,yorum/ilişki kurma,orta,orta,orta,orta,evet,verileni ayır → uygun temsili kur → koşulu uygula → seçenek/sınırla kontrol et,seçenek eleme veya tersine çalışma; şekil sorusunda yardımcı çizgi/oran,özel dörtgen koşulu,özel dörtgen koşulu,kolay-orta,75,orta,ebd0ece04287,Baskın beceriye göre DRKOÇ editöryal sınıflandırması; soru metni yeniden yayımlanmamıştır.
2018,35,geçerli,https://dokuman.osym.gov.tr/pdfdokuman/2018/YKS/TYT_01072018.pdf,Dörtgenler,kare-dikdörtgen-yamuk,parçalara ayırma ve alan/oran,geometrik düzenek,çok temsilli,sözel metin+şekil,yorum/ilişki kurma,orta,orta,orta,orta,evet,verileni ayır → uygun temsili kur → koşulu uygula → seçenek/sınırla kontrol et,seçenek eleme veya tersine çalışma; şekil sorusunda yardımcı çizgi/oran,özel dörtgen koşulu,özel dörtgen koşulu,kolay-orta,75,orta,9da88d5c1ab2,Baskın beceriye göre DRKOÇ editöryal sınıflandırması; soru metni yeniden yayımlanmamıştır.
2018,36,geçerli,https://dokuman.osym.gov.tr/pdfdokuman/2018/YKS/TYT_01072018.pdf,Dörtgenler,kare-dikdörtgen-yamuk,parçalara ayırma ve alan/oran,geometrik düzenek,çok temsilli,sözel metin+şekil,yorum/ilişki kurma,orta,orta,orta,orta,evet,verileni ayır → uygun temsili kur → koşulu uygula → seçenek/sınırla kontrol et,seçenek eleme veya tersine çalışma; şekil sorusunda yardımcı çizgi/oran,özel dörtgen koşulu,özel dörtgen koşulu,kolay-orta,75,orta,1e23ad7e7cf1,Baskın beceriye göre DRKOÇ editöryal sınıflandırması; soru metni yeniden yayımlanmamıştır.
2018,37,geçerli,https://dokuman.osym.gov.tr/pdfdokuman/2018/YKS/TYT_01072018.pdf,Çokgenler,iç-dış açı / düzgün çokgen,üçgenlere ayırma,geometrik düzenek,çok temsilli,sözel metin+şekil,yorum/ilişki kurma,düşük,orta,orta,orta,evet,verileni ayır → uygun temsili kur → koşulu uygula → seçenek/sınırla kontrol et,seçenek eleme veya tersine çalışma; şekil sorusunda yardımcı çizgi/oran,iç ve dış açıyı karıştırma,iç ve dış açıyı karıştırma,kolay-orta,75,orta,16e3c07e16a1,Baskın beceriye göre DRKOÇ editöryal sınıflandırması; soru metni yeniden yayımlanmamıştır.
2018,38,geçerli,https://dokuman.osym.gov.tr/pdfdokuman/2018/YKS/TYT_01072018.pdf,Çember ve Daire,çember açısı / yay / alan,merkez açı oranı kurma,geometrik düzenek,tek temsilli,şekil,yorum/ilişki kurma,düşük,düşük,düşük,orta,hayır,verileni ayır → uygun temsili kur → koşulu uygula → seçenek/sınırla kontrol et,seçenek eleme veya tersine çalışma; şekil sorusunda yardımcı çizgi/oran,çevre ile alanı karıştırma,çevre ile alanı karıştırma,kolay-orta,75,düşük,metin-cikmadi,Baskın beceriye göre DRKOÇ editöryal sınıflandırması; soru metni yeniden yayımlanmamıştır.
2018,39,geçerli,https://dokuman.osym.gov.tr/pdfdokuman/2018/YKS/TYT_01072018.pdf,Analitik Geometri,nokta-doğru / eğim-uzaklık,geometriyi koordinata çevirme,geometrik düzenek,tek temsilli,şekil,yorum/ilişki kurma,düşük,düşük,düşük,orta,hayır,verileni ayır → uygun temsili kur → koşulu uygula → seçenek/sınırla kontrol et,seçenek eleme veya tersine çalışma; şekil sorusunda yardımcı çizgi/oran,koordinat veya eğim işareti,koordinat veya eğim işareti,kolay-orta,75,düşük,metin-cikmadi,Baskın beceriye göre DRKOÇ editöryal sınıflandırması; soru metni yeniden yayımlanmamıştır.
2018,40,geçerli,https://dokuman.osym.gov.tr/pdfdokuman/2018/YKS/TYT_01072018.pdf,Katı Cisimler,yüzey / hacim / açınım,üç boyutlu modeli parçalama,geometrik düzenek,tek temsilli,şekil,yorum/ilişki kurma,düşük,düşük,düşük,orta,hayır,verileni ayır → uygun temsili kur → koşulu uygula → seçenek/sınırla kontrol et,seçenek eleme veya tersine çalışma; şekil sorusunda yardımcı çizgi/oran,alan-hacim ve birim ayrımı,alan-hacim ve birim ayrımı,kolay-orta,75,düşük,metin-cikmadi,Baskın beceriye göre DRKOÇ editöryal sınıflandırması; soru metni yeniden yayımlanmamıştır.
2019,1,geçerli,https://dokuman.osym.gov.tr/pdfdokuman/2019/YKS/TSK/tyt_yks_2019_web.pdf,Temel Kavramlar,sayı özelliği / yeni tanım,koşulu matematik diline çevirme,soyut/yarı bağlamsal,tek temsilli,sözel metin,yorum/ilişki kurma,düşük,orta,orta,orta,hayır,verileni ayır → uygun temsili kur → koşulu uygula → seçenek/sınırla kontrol et,seçenek eleme veya tersine çalışma; şekil sorusunda yardımcı çizgi/oran,örnek ve karşı örnek,örnek ve karşı örnek,kolay-orta,75,düşük,030c7b25651e,Baskın beceriye göre DRKOÇ editöryal sınıflandırması; soru metni yeniden yayımlanmamıştır.
2019,2,geçerli,https://dokuman.osym.gov.tr/pdfdokuman/2019/YKS/TSK/tyt_yks_2019_web.pdf,Temel Kavramlar,sayı özelliği / yeni tanım,koşulu matematik diline çevirme,soyut/yarı bağlamsal,tek temsilli,sözel metin,yorum/ilişki kurma,orta,orta,orta,orta,hayır,verileni ayır → uygun temsili kur → koşulu uygula → seçenek/sınırla kontrol et,seçenek eleme veya tersine çalışma; şekil sorusunda yardımcı çizgi/oran,örnek ve karşı örnek,örnek ve karşı örnek,kolay-orta,75,düşük,178e3fbf5626,Baskın beceriye göre DRKOÇ editöryal sınıflandırması; soru metni yeniden yayımlanmamıştır.
2019,3,geçerli,https://dokuman.osym.gov.tr/pdfdokuman/2019/YKS/TSK/tyt_yks_2019_web.pdf,Temel Kavramlar,sayı özelliği / yeni tanım,koşulu matematik diline çevirme,soyut/yarı bağlamsal,tek temsilli,sözel metin,yorum/ilişki kurma,orta,orta,orta,orta,hayır,verileni ayır → uygun temsili kur → koşulu uygula → seçenek/sınırla kontrol et,seçenek eleme veya tersine çalışma; şekil sorusunda yardımcı çizgi/oran,örnek ve karşı örnek,örnek ve karşı örnek,kolay-orta,75,düşük,1dcea2cc6552,Baskın beceriye göre DRKOÇ editöryal sınıflandırması; soru metni yeniden yayımlanmamıştır.
2019,4,geçerli,https://dokuman.osym.gov.tr/pdfdokuman/2019/YKS/TSK/tyt_yks_2019_web.pdf,Basit Eşitsizlikler,aralık / alt-üst sınır,çözüm kümesini bulma,soyut/yarı bağlamsal,tek temsilli,sözel metin,yorum/ilişki kurma,düşük,orta,orta,orta,hayır,verileni ayır → uygun temsili kur → koşulu uygula → seçenek/sınırla kontrol et,seçenek eleme veya tersine çalışma; şekil sorusunda yardımcı çizgi/oran,negatif sayıda yön değiştirme,negatif sayıda yön değiştirme,kolay-orta,75,düşük,3a81d157a8ca,Baskın beceriye göre DRKOÇ editöryal sınıflandırması; soru metni yeniden yayımlanmamıştır.
2019,5,geçerli,https://dokuman.osym.gov.tr/pdfdokuman/2019/YKS/TSK/tyt_yks_2019_web.pdf,Sayı Basamakları,rakam ve basamak koşulları,basamak çözümlemesi,soyut/yarı bağlamsal,tek temsilli,sözel metin,yorum/ilişki kurma,orta,orta,orta,orta,hayır,verileni ayır → uygun temsili kur → koşulu uygula → seçenek/sınırla kontrol et,seçenek eleme veya tersine çalışma; şekil sorusunda yardımcı çizgi/oran,baştaki sıfır veya farklı rakam koşulu,baştaki sıfır veya farklı rakam koşulu,kolay-orta,75,yüksek,67556d84c80b,Baskın beceriye göre DRKOÇ editöryal sınıflandırması; soru metni yeniden yayımlanmamıştır.
2019,6,geçerli,https://dokuman.osym.gov.tr/pdfdokuman/2019/YKS/TSK/tyt_yks_2019_web.pdf,Mutlak Değer,uzaklık ve parçalı koşul,mutlak değer denklemi kurma,soyut/yarı bağlamsal,tek temsilli,sözel metin,yorum/ilişki kurma,orta,yüksek,orta,orta,hayır,verileni ayır → uygun temsili kur → koşulu uygula → seçenek/sınırla kontrol et,seçenek eleme veya tersine çalışma; şekil sorusunda yardımcı çizgi/oran,tek dal alma,tek dal alma,kolay-orta,75,düşük,4a35da232d7b,Baskın beceriye göre DRKOÇ editöryal sınıflandırması; soru metni yeniden yayımlanmamıştır.
2019,7,iptal,https://dokuman.osym.gov.tr/pdfdokuman/2019/YKS/TSK/tyt_yks_2019_web.pdf,Denklem Çözme,doğrusal veya ikinci derece ilişki,eşitliği koruyan dönüşüm,soyut/yarı bağlamsal,tek temsilli,sözel metin,yorum/ilişki kurma,düşük,orta,orta,orta,hayır,verileni ayır → uygun temsili kur → koşulu uygula → seçenek/sınırla kontrol et,seçenek eleme veya tersine çalışma; şekil sorusunda yardımcı çizgi/oran,aday kökü kontrol etmeme,aday kökü kontrol etmeme,kolay-orta,75,yüksek,be8c09cb71b5,Baskın beceriye göre DRKOÇ editöryal sınıflandırması; soru metni yeniden yayımlanmamıştır.
2019,8,geçerli,https://dokuman.osym.gov.tr/pdfdokuman/2019/YKS/TSK/tyt_yks_2019_web.pdf,Köklü Sayılar,ana kök / kök sadeleştirme,tam kare çarpan kullanma,soyut/yarı bağlamsal,tek temsilli,sözel metin,yorum/ilişki kurma,orta,orta,orta,orta,hayır,verileni ayır → uygun temsili kur → koşulu uygula → seçenek/sınırla kontrol et,seçenek eleme veya tersine çalışma; şekil sorusunda yardımcı çizgi/oran,kökü toplam üzerine dağıtma,kökü toplam üzerine dağıtma,kolay-orta,75,düşük,4c88052a11e2,Baskın beceriye göre DRKOÇ editöryal sınıflandırması; soru metni yeniden yayımlanmamıştır.
2019,9,geçerli,https://dokuman.osym.gov.tr/pdfdokuman/2019/YKS/TSK/tyt_yks_2019_web.pdf,Çarpanlara Ayırma,özdeşlik / ortak çarpan,toplamı çarpıma dönüştürme,soyut/yarı bağlamsal,tek temsilli,sözel metin,yorum/ilişki kurma,düşük,orta,orta,orta,hayır,verileni ayır → uygun temsili kur → koşulu uygula → seçenek/sınırla kontrol et,seçenek eleme veya tersine çalışma; şekil sorusunda yardımcı çizgi/oran,işaret ve yasak değer,işaret ve yasak değer,kolay-orta,75,düşük,d09be9c149a7,Baskın beceriye göre DRKOÇ editöryal sınıflandırması; soru metni yeniden yayımlanmamıştır.
2019,10,geçerli,https://dokuman.osym.gov.tr/pdfdokuman/2019/YKS/TSK/tyt_yks_2019_web.pdf,Kümeler,küme işlemleri / Kartezyen çarpım,üyelik ve bölgeleri sınıflandırma,soyut/yarı bağlamsal,tek temsilli,sözel metin,yorum/ilişki kurma,düşük,orta,orta,orta,hayır,verileni ayır → uygun temsili kur → koşulu uygula → seçenek/sınırla kontrol et,seçenek eleme veya tersine çalışma; şekil sorusunda yardımcı çizgi/oran,kesişimi iki kez sayma,kesişimi iki kez sayma,kolay-orta,75,düşük,349907c4cb12,Baskın beceriye göre DRKOÇ editöryal sınıflandırması; soru metni yeniden yayımlanmamıştır.
2019,11,geçerli,https://dokuman.osym.gov.tr/pdfdokuman/2019/YKS/TSK/tyt_yks_2019_web.pdf,Sayı Basamakları,rakam ve basamak koşulları,basamak çözümlemesi,soyut/yarı bağlamsal,tek temsilli,sözel metin,yorum/ilişki kurma,orta,orta,orta,orta,hayır,verileni ayır → uygun temsili kur → koşulu uygula → seçenek/sınırla kontrol et,seçenek eleme veya tersine çalışma; şekil sorusunda yardımcı çizgi/oran,baştaki sıfır veya farklı rakam koşulu,baştaki sıfır veya farklı rakam koşulu,kolay-orta,75,yüksek,dedf15f62eb2,Baskın beceriye göre DRKOÇ editöryal sınıflandırması; soru metni yeniden yayımlanmamıştır.
2019,12,geçerli,https://dokuman.osym.gov.tr/pdfdokuman/2019/YKS/TSK/tyt_yks_2019_web.pdf,Denklem Çözme,doğrusal veya ikinci derece ilişki,eşitliği koruyan dönüşüm,soyut/yarı bağlamsal,tek temsilli,sözel metin,yorum/ilişki kurma,düşük,orta,orta,orta,hayır,verileni ayır → uygun temsili kur → koşulu uygula → seçenek/sınırla kontrol et,seçenek eleme veya tersine çalışma; şekil sorusunda yardımcı çizgi/oran,aday kökü kontrol etmeme,aday kökü kontrol etmeme,kolay-orta,75,düşük,051160400f02,Baskın beceriye göre DRKOÇ editöryal sınıflandırması; soru metni yeniden yayımlanmamıştır.
2019,13,geçerli,https://dokuman.osym.gov.tr/pdfdokuman/2019/YKS/TSK/tyt_yks_2019_web.pdf,Kümeler,küme işlemleri / Kartezyen çarpım,üyelik ve bölgeleri sınıflandırma,soyut/yarı bağlamsal,tek temsilli,sözel metin,yorum/ilişki kurma,orta,orta,orta,orta,hayır,verileni ayır → uygun temsili kur → koşulu uygula → seçenek/sınırla kontrol et,seçenek eleme veya tersine çalışma; şekil sorusunda yardımcı çizgi/oran,kesişimi iki kez sayma,kesişimi iki kez sayma,kolay-orta,75,düşük,da85db3d1eeb,Baskın beceriye göre DRKOÇ editöryal sınıflandırması; soru metni yeniden yayımlanmamıştır.
2019,14,geçerli,https://dokuman.osym.gov.tr/pdfdokuman/2019/YKS/TSK/tyt_yks_2019_web.pdf,Fonksiyonlar,girdi-çıktı / grafik,temsil dönüşümü ve değer bulma,soyut/yarı bağlamsal,tek temsilli,sözel metin,doğrudan bilgi+uygulama,düşük,düşük,düşük,orta,hayır,verileni ayır → uygun temsili kur → koşulu uygula → seçenek/sınırla kontrol et,seçenek eleme veya tersine çalışma; şekil sorusunda yardımcı çizgi/oran,tanım kümesi veya bileşke sırası,tanım kümesi veya bileşke sırası,kolay-orta,75,yüksek,36deab735785,Baskın beceriye göre DRKOÇ editöryal sınıflandırması; soru metni yeniden yayımlanmamıştır.
2019,15,geçerli,https://dokuman.osym.gov.tr/pdfdokuman/2019/YKS/TSK/tyt_yks_2019_web.pdf,Fonksiyonlar,girdi-çıktı / grafik,temsil dönüşümü ve değer bulma,soyut/yarı bağlamsal,çok temsilli,sözel metin+grafik,doğrudan bilgi+uygulama,orta,düşük,düşük,orta,evet,verileni ayır → uygun temsili kur → koşulu uygula → seçenek/sınırla kontrol et,seçenek eleme veya tersine çalışma; şekil sorusunda yardımcı çizgi/oran,tanım kümesi veya bileşke sırası,tanım kümesi veya bileşke sırası,kolay-orta,75,yüksek,22ca261d48da,Baskın beceriye göre DRKOÇ editöryal sınıflandırması; soru metni yeniden yayımlanmamıştır.
2019,16,geçerli,https://dokuman.osym.gov.tr/pdfdokuman/2019/YKS/TSK/tyt_yks_2019_web.pdf,Polinomlar,polinom değeri / kalan / kök,cebirsel yapıyı dönüştürme,soyut/yarı bağlamsal,tek temsilli,sözel metin,yorum/ilişki kurma,orta,yüksek,orta,orta,hayır,verileni ayır → uygun temsili kur → koşulu uygula → seçenek/sınırla kontrol et,seçenek eleme veya tersine çalışma; şekil sorusunda yardımcı çizgi/oran,katsayı-kök işareti,katsayı-kök işareti,kolay-orta,75,düşük,a230fd892481,Baskın beceriye göre DRKOÇ editöryal sınıflandırması; soru metni yeniden yayımlanmamıştır.
2019,17,geçerli,https://dokuman.osym.gov.tr/pdfdokuman/2019/YKS/TSK/tyt_yks_2019_web.pdf,Problemler,çok adımlı günlük yaşam modeli,nicelik-birim-denklem kurma,soyut/yarı bağlamsal,tek temsilli,sözel metin,yorum/ilişki kurma,orta,orta,orta,orta,hayır,verileni ayır → uygun temsili kur → koşulu uygula → seçenek/sınırla kontrol et,seçenek eleme veya tersine çalışma; şekil sorusunda yardımcı çizgi/oran,bağlam veya birim koşulu,bağlam veya birim koşulu,kolay-orta,75,orta,e49fc9ce8711,Baskın beceriye göre DRKOÇ editöryal sınıflandırması; soru metni yeniden yayımlanmamıştır.
2019,18,geçerli,https://dokuman.osym.gov.tr/pdfdokuman/2019/YKS/TSK/tyt_yks_2019_web.pdf,Problemler,çok adımlı günlük yaşam modeli,nicelik-birim-denklem kurma,günlük yaşam,çok temsilli,sözel metin+günlük yaşam senaryosu,yorum/ilişki kurma,orta,orta,yüksek,orta,evet,verileni ayır → uygun temsili kur → koşulu uygula → seçenek/sınırla kontrol et,seçenek eleme veya tersine çalışma; şekil sorusunda yardımcı çizgi/oran,bağlam veya birim koşulu,bağlam veya birim koşulu,orta,105,orta,2a40e8a558c8,Baskın beceriye göre DRKOÇ editöryal sınıflandırması; soru metni yeniden yayımlanmamıştır.
2019,19,geçerli,https://dokuman.osym.gov.tr/pdfdokuman/2019/YKS/TSK/tyt_yks_2019_web.pdf,Problemler,çok adımlı günlük yaşam modeli,nicelik-birim-denklem kurma,soyut/yarı bağlamsal,tek temsilli,sözel metin,yorum/ilişki kurma,orta,orta,orta,orta,hayır,verileni ayır → uygun temsili kur → koşulu uygula → seçenek/sınırla kontrol et,seçenek eleme veya tersine çalışma; şekil sorusunda yardımcı çizgi/oran,bağlam veya birim koşulu,bağlam veya birim koşulu,kolay-orta,75,orta,a2fe3845476f,Baskın beceriye göre DRKOÇ editöryal sınıflandırması; soru metni yeniden yayımlanmamıştır.
2019,20,geçerli,https://dokuman.osym.gov.tr/pdfdokuman/2019/YKS/TSK/tyt_yks_2019_web.pdf,Problemler,çok adımlı günlük yaşam modeli,nicelik-birim-denklem kurma,soyut/yarı bağlamsal,tek temsilli,sözel metin,yorum/ilişki kurma,orta,orta,orta,orta,hayır,verileni ayır → uygun temsili kur → koşulu uygula → seçenek/sınırla kontrol et,seçenek eleme veya tersine çalışma; şekil sorusunda yardımcı çizgi/oran,bağlam veya birim koşulu,bağlam veya birim koşulu,kolay-orta,75,orta,f4f6a9b996a4,Baskın beceriye göre DRKOÇ editöryal sınıflandırması; soru metni yeniden yayımlanmamıştır.
2019,21,geçerli,https://dokuman.osym.gov.tr/pdfdokuman/2019/YKS/TSK/tyt_yks_2019_web.pdf,Problemler,çok adımlı günlük yaşam modeli,nicelik-birim-denklem kurma,soyut/yarı bağlamsal,tek temsilli,sözel metin,yorum/ilişki kurma,düşük,orta,orta,orta,hayır,verileni ayır → uygun temsili kur → koşulu uygula → seçenek/sınırla kontrol et,seçenek eleme veya tersine çalışma; şekil sorusunda yardımcı çizgi/oran,bağlam veya birim koşulu,bağlam veya birim koşulu,kolay-orta,75,orta,b0140b1af6b6,Baskın beceriye göre DRKOÇ editöryal sınıflandırması; soru metni yeniden yayımlanmamıştır.
2019,22,geçerli,https://dokuman.osym.gov.tr/pdfdokuman/2019/YKS/TSK/tyt_yks_2019_web.pdf,Problemler,çok adımlı günlük yaşam modeli,nicelik-birim-denklem kurma,soyut/yarı bağlamsal,tek temsilli,sözel metin,yorum/ilişki kurma,orta,yüksek,orta,orta,hayır,verileni ayır → uygun temsili kur → koşulu uygula → seçenek/sınırla kontrol et,seçenek eleme veya tersine çalışma; şekil sorusunda yardımcı çizgi/oran,bağlam veya birim koşulu,bağlam veya birim koşulu,kolay-orta,75,orta,9e3139dfecf2,Baskın beceriye göre DRKOÇ editöryal sınıflandırması; soru metni yeniden yayımlanmamıştır.
2019,23,geçerli,https://dokuman.osym.gov.tr/pdfdokuman/2019/YKS/TSK/tyt_yks_2019_web.pdf,Problemler,çok adımlı günlük yaşam modeli,nicelik-birim-denklem kurma,soyut/yarı bağlamsal,tek temsilli,sözel metin,yorum/ilişki kurma,orta,orta,orta,orta,hayır,verileni ayır → uygun temsili kur → koşulu uygula → seçenek/sınırla kontrol et,seçenek eleme veya tersine çalışma; şekil sorusunda yardımcı çizgi/oran,bağlam veya birim koşulu,bağlam veya birim koşulu,kolay-orta,75,orta,aeb855c799bd,Baskın beceriye göre DRKOÇ editöryal sınıflandırması; soru metni yeniden yayımlanmamıştır.
2019,24,geçerli,https://dokuman.osym.gov.tr/pdfdokuman/2019/YKS/TSK/tyt_yks_2019_web.pdf,Problemler,çok adımlı günlük yaşam modeli,nicelik-birim-denklem kurma,soyut/yarı bağlamsal,tek temsilli,sözel metin,yorum/ilişki kurma,düşük,orta,orta,orta,hayır,verileni ayır → uygun temsili kur → koşulu uygula → seçenek/sınırla kontrol et,seçenek eleme veya tersine çalışma; şekil sorusunda yardımcı çizgi/oran,bağlam veya birim koşulu,bağlam veya birim koşulu,kolay-orta,75,orta,bfedca5e316c,Baskın beceriye göre DRKOÇ editöryal sınıflandırması; soru metni yeniden yayımlanmamıştır.
2019,25,geçerli,https://dokuman.osym.gov.tr/pdfdokuman/2019/YKS/TSK/tyt_yks_2019_web.pdf,Problemler,çok adımlı günlük yaşam modeli,nicelik-birim-denklem kurma,soyut/yarı bağlamsal,tek temsilli,sözel metin,yorum/ilişki kurma,orta,yüksek,orta,orta,hayır,verileni ayır → uygun temsili kur → koşulu uygula → seçenek/sınırla kontrol et,seçenek eleme veya tersine çalışma; şekil sorusunda yardımcı çizgi/oran,bağlam veya birim koşulu,bağlam veya birim koşulu,kolay-orta,75,orta,de6397155029,Baskın beceriye göre DRKOÇ editöryal sınıflandırması; soru metni yeniden yayımlanmamıştır.
2019,26,geçerli,https://dokuman.osym.gov.tr/pdfdokuman/2019/YKS/TSK/tyt_yks_2019_web.pdf,Problemler,çok adımlı günlük yaşam modeli,nicelik-birim-denklem kurma,günlük yaşam,çok temsilli,sözel metin+günlük yaşam senaryosu,yorum/ilişki kurma,düşük,orta,yüksek,orta,evet,verileni ayır → uygun temsili kur → koşulu uygula → seçenek/sınırla kontrol et,seçenek eleme veya tersine çalışma; şekil sorusunda yardımcı çizgi/oran,bağlam veya birim koşulu,bağlam veya birim koşulu,orta,105,orta,dfba36070a79,Baskın beceriye göre DRKOÇ editöryal sınıflandırması; soru metni yeniden yayımlanmamıştır.
2019,27,geçerli,https://dokuman.osym.gov.tr/pdfdokuman/2019/YKS/TSK/tyt_yks_2019_web.pdf,Problemler,çok adımlı günlük yaşam modeli,nicelik-birim-denklem kurma,soyut/yarı bağlamsal,tek temsilli,sözel metin,yorum/ilişki kurma,orta,orta,orta,orta,hayır,verileni ayır → uygun temsili kur → koşulu uygula → seçenek/sınırla kontrol et,seçenek eleme veya tersine çalışma; şekil sorusunda yardımcı çizgi/oran,bağlam veya birim koşulu,bağlam veya birim koşulu,kolay-orta,75,orta,9f592099f029,Baskın beceriye göre DRKOÇ editöryal sınıflandırması; soru metni yeniden yayımlanmamıştır.
2019,28,geçerli,https://dokuman.osym.gov.tr/pdfdokuman/2019/YKS/TSK/tyt_yks_2019_web.pdf,Problemler,çok adımlı günlük yaşam modeli,nicelik-birim-denklem kurma,soyut/yarı bağlamsal,tek temsilli,sözel metin,yorum/ilişki kurma,orta,yüksek,orta,orta,hayır,verileni ayır → uygun temsili kur → koşulu uygula → seçenek/sınırla kontrol et,seçenek eleme veya tersine çalışma; şekil sorusunda yardımcı çizgi/oran,bağlam veya birim koşulu,bağlam veya birim koşulu,kolay-orta,75,orta,8539e8cc39a9,Baskın beceriye göre DRKOÇ editöryal sınıflandırması; soru metni yeniden yayımlanmamıştır.
2019,29,geçerli,https://dokuman.osym.gov.tr/pdfdokuman/2019/YKS/TSK/tyt_yks_2019_web.pdf,Sayma,çarpma ilkesi / seçim-sıralama,durumları eksiksiz sayma,soyut/yarı bağlamsal,tek temsilli,sözel metin,yorum/ilişki kurma,orta,orta,orta,orta,hayır,verileni ayır → uygun temsili kur → koşulu uygula → seçenek/sınırla kontrol et,seçenek eleme veya tersine çalışma; şekil sorusunda yardımcı çizgi/oran,sıra veya tekrar koşulu,sıra veya tekrar koşulu,kolay-orta,75,düşük,ace2140f9601,Baskın beceriye göre DRKOÇ editöryal sınıflandırması; soru metni yeniden yayımlanmamıştır.
2019,30,geçerli,https://dokuman.osym.gov.tr/pdfdokuman/2019/YKS/TSK/tyt_yks_2019_web.pdf,Olasılık,örnek uzay / olay,istenen ve tüm durumları sayma,soyut/yarı bağlamsal,tek temsilli,sözel metin,yorum/ilişki kurma,düşük,orta,orta,orta,hayır,verileni ayır → uygun temsili kur → koşulu uygula → seçenek/sınırla kontrol et,seçenek eleme veya tersine çalışma; şekil sorusunda yardımcı çizgi/oran,eş olasılık veya tümleyen,eş olasılık veya tümleyen,kolay-orta,75,yüksek,0b2abf92db3b,Baskın beceriye göre DRKOÇ editöryal sınıflandırması; soru metni yeniden yayımlanmamıştır.
2019,31,geçerli,https://dokuman.osym.gov.tr/pdfdokuman/2019/YKS/TSK/tyt_yks_2019_web.pdf,Açılar ve Üçgenler,açı-kenar / özel üçgen,şekilden zorunlu ilişki çıkarma,geometrik düzenek,çok temsilli,sözel metin+şekil,yorum/ilişki kurma,orta,orta,orta,orta,evet,verileni ayır → uygun temsili kur → koşulu uygula → seçenek/sınırla kontrol et,seçenek eleme veya tersine çalışma; şekil sorusunda yardımcı çizgi/oran,ölçeksiz şekilden varsayım,ölçeksiz şekilden varsayım,kolay-orta,75,orta,8d0902595d45,Baskın beceriye göre DRKOÇ editöryal sınıflandırması; soru metni yeniden yayımlanmamıştır.
2019,32,geçerli,https://dokuman.osym.gov.tr/pdfdokuman/2019/YKS/TSK/tyt_yks_2019_web.pdf,Dörtgenler,kare-dikdörtgen-yamuk,parçalara ayırma ve alan/oran,geometrik düzenek,çok temsilli,sözel metin+şekil,yorum/ilişki kurma,düşük,orta,orta,orta,evet,verileni ayır → uygun temsili kur → koşulu uygula → seçenek/sınırla kontrol et,seçenek eleme veya tersine çalışma; şekil sorusunda yardımcı çizgi/oran,özel dörtgen koşulu,özel dörtgen koşulu,kolay-orta,75,orta,15270631291f,Baskın beceriye göre DRKOÇ editöryal sınıflandırması; soru metni yeniden yayımlanmamıştır.
2019,33,geçerli,https://dokuman.osym.gov.tr/pdfdokuman/2019/YKS/TSK/tyt_yks_2019_web.pdf,Dörtgenler,kare-dikdörtgen-yamuk,parçalara ayırma ve alan/oran,geometrik düzenek,çok temsilli,sözel metin+şekil,yorum/ilişki kurma,orta,orta,orta,orta,evet,verileni ayır → uygun temsili kur → koşulu uygula → seçenek/sınırla kontrol et,seçenek eleme veya tersine çalışma; şekil sorusunda yardımcı çizgi/oran,özel dörtgen koşulu,özel dörtgen koşulu,kolay-orta,75,orta,50daa314c654,Baskın beceriye göre DRKOÇ editöryal sınıflandırması; soru metni yeniden yayımlanmamıştır.
2019,34,geçerli,https://dokuman.osym.gov.tr/pdfdokuman/2019/YKS/TSK/tyt_yks_2019_web.pdf,Dörtgenler,kare-dikdörtgen-yamuk,parçalara ayırma ve alan/oran,geometrik düzenek,çok temsilli,sözel metin+şekil,yorum/ilişki kurma,orta,orta,orta,orta,evet,verileni ayır → uygun temsili kur → koşulu uygula → seçenek/sınırla kontrol et,seçenek eleme veya tersine çalışma; şekil sorusunda yardımcı çizgi/oran,özel dörtgen koşulu,özel dörtgen koşulu,kolay-orta,75,orta,e5036497d087,Baskın beceriye göre DRKOÇ editöryal sınıflandırması; soru metni yeniden yayımlanmamıştır.
2019,35,geçerli,https://dokuman.osym.gov.tr/pdfdokuman/2019/YKS/TSK/tyt_yks_2019_web.pdf,Çokgenler,iç-dış açı / düzgün çokgen,üçgenlere ayırma,geometrik düzenek,çok temsilli,sözel metin+şekil+günlük yaşam senaryosu,yorum/ilişki kurma,orta,orta,yüksek,orta,evet,verileni ayır → uygun temsili kur → koşulu uygula → seçenek/sınırla kontrol et,seçenek eleme veya tersine çalışma; şekil sorusunda yardımcı çizgi/oran,iç ve dış açıyı karıştırma,iç ve dış açıyı karıştırma,orta,105,orta,9d252a78f74d,Baskın beceriye göre DRKOÇ editöryal sınıflandırması; soru metni yeniden yayımlanmamıştır.
2019,36,geçerli,https://dokuman.osym.gov.tr/pdfdokuman/2019/YKS/TSK/tyt_yks_2019_web.pdf,Çember ve Daire,çember açısı / yay / alan,merkez açı oranı kurma,geometrik düzenek,çok temsilli,sözel metin+şekil,yorum/ilişki kurma,orta,orta,orta,orta,evet,verileni ayır → uygun temsili kur → koşulu uygula → seçenek/sınırla kontrol et,seçenek eleme veya tersine çalışma; şekil sorusunda yardımcı çizgi/oran,çevre ile alanı karıştırma,çevre ile alanı karıştırma,kolay-orta,75,orta,e154d727e358,Baskın beceriye göre DRKOÇ editöryal sınıflandırması; soru metni yeniden yayımlanmamıştır.
2019,37,geçerli,https://dokuman.osym.gov.tr/pdfdokuman/2019/YKS/TSK/tyt_yks_2019_web.pdf,Çember ve Daire,çember açısı / yay / alan,merkez açı oranı kurma,geometrik düzenek,çok temsilli,sözel metin+şekil,yorum/ilişki kurma,orta,orta,orta,orta,evet,verileni ayır → uygun temsili kur → koşulu uygula → seçenek/sınırla kontrol et,seçenek eleme veya tersine çalışma; şekil sorusunda yardımcı çizgi/oran,çevre ile alanı karıştırma,çevre ile alanı karıştırma,kolay-orta,75,orta,a6361e4c5b02,Baskın beceriye göre DRKOÇ editöryal sınıflandırması; soru metni yeniden yayımlanmamıştır.
2019,38,geçerli,https://dokuman.osym.gov.tr/pdfdokuman/2019/YKS/TSK/tyt_yks_2019_web.pdf,Analitik Geometri,nokta-doğru / eğim-uzaklık,geometriyi koordinata çevirme,geometrik düzenek,çok temsilli,sözel metin+şekil,yorum/ilişki kurma,orta,orta,orta,orta,evet,verileni ayır → uygun temsili kur → koşulu uygula → seçenek/sınırla kontrol et,seçenek eleme veya tersine çalışma; şekil sorusunda yardımcı çizgi/oran,koordinat veya eğim işareti,koordinat veya eğim işareti,kolay-orta,75,orta,601fa0b9be4b,Baskın beceriye göre DRKOÇ editöryal sınıflandırması; soru metni yeniden yayımlanmamıştır.
2019,39,geçerli,https://dokuman.osym.gov.tr/pdfdokuman/2019/YKS/TSK/tyt_yks_2019_web.pdf,Katı Cisimler,yüzey / hacim / açınım,üç boyutlu modeli parçalama,geometrik düzenek,tek temsilli,şekil,yorum/ilişki kurma,düşük,düşük,düşük,orta,hayır,verileni ayır → uygun temsili kur → koşulu uygula → seçenek/sınırla kontrol et,seçenek eleme veya tersine çalışma; şekil sorusunda yardımcı çizgi/oran,alan-hacim ve birim ayrımı,alan-hacim ve birim ayrımı,kolay-orta,75,düşük,metin-cikmadi,Baskın beceriye göre DRKOÇ editöryal sınıflandırması; soru metni yeniden yayımlanmamıştır.
2019,40,geçerli,https://dokuman.osym.gov.tr/pdfdokuman/2019/YKS/TSK/tyt_yks_2019_web.pdf,Katı Cisimler,yüzey / hacim / açınım,üç boyutlu modeli parçalama,geometrik düzenek,tek temsilli,şekil,yorum/ilişki kurma,düşük,düşük,düşük,orta,hayır,verileni ayır → uygun temsili kur → koşulu uygula → seçenek/sınırla kontrol et,seçenek eleme veya tersine çalışma; şekil sorusunda yardımcı çizgi/oran,alan-hacim ve birim ayrımı,alan-hacim ve birim ayrımı,kolay-orta,75,düşük,metin-cikmadi,Baskın beceriye göre DRKOÇ editöryal sınıflandırması; soru metni yeniden yayımlanmamıştır.
2020,1,geçerli,https://dokuman.osym.gov.tr/pdfdokuman/2020/YKS/TSK/tyt_yks_2020.pdf,Rasyonel Sayılar,kesir / ondalık gösterim,eş değer gösterimleri dönüştürme,soyut/yarı bağlamsal,tek temsilli,sözel metin,doğrudan bilgi+uygulama,düşük,düşük,düşük,orta,hayır,verileni ayır → uygun temsili kur → koşulu uygula → seçenek/sınırla kontrol et,seçenek eleme veya tersine çalışma; şekil sorusunda yardımcı çizgi/oran,payda ve işlem önceliği,payda ve işlem önceliği,kolay-orta,75,düşük,33410133be70,Baskın beceriye göre DRKOÇ editöryal sınıflandırması; soru metni yeniden yayımlanmamıştır.
2020,2,geçerli,https://dokuman.osym.gov.tr/pdfdokuman/2020/YKS/TSK/tyt_yks_2020.pdf,Temel Kavramlar,sayı özelliği / yeni tanım,koşulu matematik diline çevirme,günlük yaşam,çok temsilli,sözel metin+günlük yaşam senaryosu,yorum/ilişki kurma,orta,orta,yüksek,orta,evet,verileni ayır → uygun temsili kur → koşulu uygula → seçenek/sınırla kontrol et,seçenek eleme veya tersine çalışma; şekil sorusunda yardımcı çizgi/oran,örnek ve karşı örnek,örnek ve karşı örnek,orta,105,düşük,e9002cc99c58,Baskın beceriye göre DRKOÇ editöryal sınıflandırması; soru metni yeniden yayımlanmamıştır.
2020,3,geçerli,https://dokuman.osym.gov.tr/pdfdokuman/2020/YKS/TSK/tyt_yks_2020.pdf,OBEB - OKEK,asal çarpan / ortak bölen-kat,çarpan yapısını modelleme,soyut/yarı bağlamsal,tek temsilli,sözel metin,doğrudan bilgi+uygulama,orta,düşük,düşük,orta,hayır,verileni ayır → uygun temsili kur → koşulu uygula → seçenek/sınırla kontrol et,seçenek eleme veya tersine çalışma; şekil sorusunda yardımcı çizgi/oran,EBOB ile OKEK'i karıştırma,EBOB ile OKEK'i karıştırma,kolay-orta,75,düşük,01cc449a8378,Baskın beceriye göre DRKOÇ editöryal sınıflandırması; soru metni yeniden yayımlanmamıştır.
2020,4,geçerli,https://dokuman.osym.gov.tr/pdfdokuman/2020/YKS/TSK/tyt_yks_2020.pdf,Rasyonel Sayılar,kesir / ondalık gösterim,eş değer gösterimleri dönüştürme,soyut/yarı bağlamsal,tek temsilli,sözel metin,doğrudan bilgi+uygulama,düşük,düşük,düşük,orta,hayır,verileni ayır → uygun temsili kur → koşulu uygula → seçenek/sınırla kontrol et,seçenek eleme veya tersine çalışma; şekil sorusunda yardımcı çizgi/oran,payda ve işlem önceliği,payda ve işlem önceliği,kolay-orta,75,düşük,3219bcd6ae54,Baskın beceriye göre DRKOÇ editöryal sınıflandırması; soru metni yeniden yayımlanmamıştır.
2020,5,geçerli,https://dokuman.osym.gov.tr/pdfdokuman/2020/YKS/TSK/tyt_yks_2020.pdf,OBEB - OKEK,asal çarpan / ortak bölen-kat,çarpan yapısını modelleme,soyut/yarı bağlamsal,tek temsilli,sözel metin,yorum/ilişki kurma,orta,orta,orta,orta,hayır,verileni ayır → uygun temsili kur → koşulu uygula → seçenek/sınırla kontrol et,seçenek eleme veya tersine çalışma; şekil sorusunda yardımcı çizgi/oran,EBOB ile OKEK'i karıştırma,EBOB ile OKEK'i karıştırma,kolay-orta,75,düşük,aac99e3cddc0,Baskın beceriye göre DRKOÇ editöryal sınıflandırması; soru metni yeniden yayımlanmamıştır.
2020,6,geçerli,https://dokuman.osym.gov.tr/pdfdokuman/2020/YKS/TSK/tyt_yks_2020.pdf,Rasyonel Sayılar,kesir / ondalık gösterim,eş değer gösterimleri dönüştürme,soyut/yarı bağlamsal,tek temsilli,sözel metin,yorum/ilişki kurma,düşük,orta,orta,orta,hayır,verileni ayır → uygun temsili kur → koşulu uygula → seçenek/sınırla kontrol et,seçenek eleme veya tersine çalışma; şekil sorusunda yardımcı çizgi/oran,payda ve işlem önceliği,payda ve işlem önceliği,kolay-orta,75,düşük,33f4595b41e9,Baskın beceriye göre DRKOÇ editöryal sınıflandırması; soru metni yeniden yayımlanmamıştır.
2020,7,geçerli,https://dokuman.osym.gov.tr/pdfdokuman/2020/YKS/TSK/tyt_yks_2020.pdf,Mutlak Değer,uzaklık ve parçalı koşul,mutlak değer denklemi kurma,soyut/yarı bağlamsal,tek temsilli,sözel metin,yorum/ilişki kurma,düşük,orta,orta,orta,hayır,verileni ayır → uygun temsili kur → koşulu uygula → seçenek/sınırla kontrol et,seçenek eleme veya tersine çalışma; şekil sorusunda yardımcı çizgi/oran,tek dal alma,tek dal alma,kolay-orta,75,düşük,2e7cee5394b5,Baskın beceriye göre DRKOÇ editöryal sınıflandırması; soru metni yeniden yayımlanmamıştır.
2020,8,geçerli,https://dokuman.osym.gov.tr/pdfdokuman/2020/YKS/TSK/tyt_yks_2020.pdf,Basit Eşitsizlikler,aralık / alt-üst sınır,çözüm kümesini bulma,soyut/yarı bağlamsal,tek temsilli,sözel metin,doğrudan bilgi+uygulama,düşük,düşük,düşük,orta,hayır,verileni ayır → uygun temsili kur → koşulu uygula → seçenek/sınırla kontrol et,seçenek eleme veya tersine çalışma; şekil sorusunda yardımcı çizgi/oran,negatif sayıda yön değiştirme,negatif sayıda yön değiştirme,kolay-orta,75,düşük,b8e4b75dc20a,Baskın beceriye göre DRKOÇ editöryal sınıflandırması; soru metni yeniden yayımlanmamıştır.
2020,9,geçerli,https://dokuman.osym.gov.tr/pdfdokuman/2020/YKS/TSK/tyt_yks_2020.pdf,Oran - Orantı,oran / ölçek / birlikte değişim,birim oran kurma,soyut/yarı bağlamsal,tek temsilli,sözel metin,yorum/ilişki kurma,orta,orta,orta,orta,hayır,verileni ayır → uygun temsili kur → koşulu uygula → seçenek/sınırla kontrol et,seçenek eleme veya tersine çalışma; şekil sorusunda yardımcı çizgi/oran,oran sırası ve birim,oran sırası ve birim,kolay-orta,75,düşük,4bbe6af9f9dc,Baskın beceriye göre DRKOÇ editöryal sınıflandırması; soru metni yeniden yayımlanmamıştır.
2020,10,geçerli,https://dokuman.osym.gov.tr/pdfdokuman/2020/YKS/TSK/tyt_yks_2020.pdf,Sayı Basamakları,rakam ve basamak koşulları,basamak çözümlemesi,soyut/yarı bağlamsal,tek temsilli,sözel metin,yorum/ilişki kurma,orta,orta,orta,orta,hayır,verileni ayır → uygun temsili kur → koşulu uygula → seçenek/sınırla kontrol et,seçenek eleme veya tersine çalışma; şekil sorusunda yardımcı çizgi/oran,baştaki sıfır veya farklı rakam koşulu,baştaki sıfır veya farklı rakam koşulu,kolay-orta,75,yüksek,d9494b69ce1a,Baskın beceriye göre DRKOÇ editöryal sınıflandırması; soru metni yeniden yayımlanmamıştır.
2020,11,geçerli,https://dokuman.osym.gov.tr/pdfdokuman/2020/YKS/TSK/tyt_yks_2020.pdf,Kümeler,küme işlemleri / Kartezyen çarpım,üyelik ve bölgeleri sınıflandırma,soyut/yarı bağlamsal,tek temsilli,sözel metin,yorum/ilişki kurma,orta,orta,orta,orta,hayır,verileni ayır → uygun temsili kur → koşulu uygula → seçenek/sınırla kontrol et,seçenek eleme veya tersine çalışma; şekil sorusunda yardımcı çizgi/oran,kesişimi iki kez sayma,kesişimi iki kez sayma,kolay-orta,75,düşük,de60e74388ea,Baskın beceriye göre DRKOÇ editöryal sınıflandırması; soru metni yeniden yayımlanmamıştır.
2020,12,geçerli,https://dokuman.osym.gov.tr/pdfdokuman/2020/YKS/TSK/tyt_yks_2020.pdf,Sayma,çarpma ilkesi / seçim-sıralama,durumları eksiksiz sayma,soyut/yarı bağlamsal,tek temsilli,sözel metin,yorum/ilişki kurma,orta,orta,orta,orta,hayır,verileni ayır → uygun temsili kur → koşulu uygula → seçenek/sınırla kontrol et,seçenek eleme veya tersine çalışma; şekil sorusunda yardımcı çizgi/oran,sıra veya tekrar koşulu,sıra veya tekrar koşulu,kolay-orta,75,düşük,39fb166bb8a0,Baskın beceriye göre DRKOÇ editöryal sınıflandırması; soru metni yeniden yayımlanmamıştır.
2020,13,geçerli,https://dokuman.osym.gov.tr/pdfdokuman/2020/YKS/TSK/tyt_yks_2020.pdf,Fonksiyonlar,girdi-çıktı / grafik,temsil dönüşümü ve değer bulma,soyut/yarı bağlamsal,çok temsilli,sözel metin+grafik,yorum/ilişki kurma,düşük,orta,orta,orta,evet,verileni ayır → uygun temsili kur → koşulu uygula → seçenek/sınırla kontrol et,seçenek eleme veya tersine çalışma; şekil sorusunda yardımcı çizgi/oran,tanım kümesi veya bileşke sırası,tanım kümesi veya bileşke sırası,kolay-orta,75,yüksek,67be19d83456,Baskın beceriye göre DRKOÇ editöryal sınıflandırması; soru metni yeniden yayımlanmamıştır.
2020,14,geçerli,https://dokuman.osym.gov.tr/pdfdokuman/2020/YKS/TSK/tyt_yks_2020.pdf,Fonksiyonlar,girdi-çıktı / grafik,temsil dönüşümü ve değer bulma,soyut/yarı bağlamsal,tek temsilli,sözel metin,doğrudan bilgi+uygulama,düşük,düşük,düşük,orta,hayır,verileni ayır → uygun temsili kur → koşulu uygula → seçenek/sınırla kontrol et,seçenek eleme veya tersine çalışma; şekil sorusunda yardımcı çizgi/oran,tanım kümesi veya bileşke sırası,tanım kümesi veya bileşke sırası,kolay-orta,75,yüksek,544e2b3f3466,Baskın beceriye göre DRKOÇ editöryal sınıflandırması; soru metni yeniden yayımlanmamıştır.
2020,15,geçerli,https://dokuman.osym.gov.tr/pdfdokuman/2020/YKS/TSK/tyt_yks_2020.pdf,İstatistik ve Veri Analizi,tablo-grafik / merkez ölçüsü,veriyi temsil ve karşılaştırma,soyut/yarı bağlamsal,tek temsilli,sözel metin,yorum/ilişki kurma,orta,yüksek,orta,orta,hayır,verileni ayır → uygun temsili kur → koşulu uygula → seçenek/sınırla kontrol et,seçenek eleme veya tersine çalışma; şekil sorusunda yardımcı çizgi/oran,ölçek veya ağırlıklı ortalama,ölçek veya ağırlıklı ortalama,kolay-orta,75,yüksek,cdb4740f9bbd,Baskın beceriye göre DRKOÇ editöryal sınıflandırması; soru metni yeniden yayımlanmamıştır.
2020,16,geçerli,https://dokuman.osym.gov.tr/pdfdokuman/2020/YKS/TSK/tyt_yks_2020.pdf,Sayma,çarpma ilkesi / seçim-sıralama,durumları eksiksiz sayma,soyut/yarı bağlamsal,tek temsilli,sözel metin,yorum/ilişki kurma,orta,yüksek,orta,orta,hayır,verileni ayır → uygun temsili kur → koşulu uygula → seçenek/sınırla kontrol et,seçenek eleme veya tersine çalışma; şekil sorusunda yardımcı çizgi/oran,sıra veya tekrar koşulu,sıra veya tekrar koşulu,kolay-orta,75,düşük,4bfea00dd1a1,Baskın beceriye göre DRKOÇ editöryal sınıflandırması; soru metni yeniden yayımlanmamıştır.
2020,17,geçerli,https://dokuman.osym.gov.tr/pdfdokuman/2020/YKS/TSK/tyt_yks_2020.pdf,Problemler,çok adımlı günlük yaşam modeli,nicelik-birim-denklem kurma,soyut/yarı bağlamsal,tek temsilli,sözel metin,yorum/ilişki kurma,orta,orta,orta,orta,hayır,verileni ayır → uygun temsili kur → koşulu uygula → seçenek/sınırla kontrol et,seçenek eleme veya tersine çalışma; şekil sorusunda yardımcı çizgi/oran,bağlam veya birim koşulu,bağlam veya birim koşulu,kolay-orta,75,orta,218dcd7c49d3,Baskın beceriye göre DRKOÇ editöryal sınıflandırması; soru metni yeniden yayımlanmamıştır.
2020,18,geçerli,https://dokuman.osym.gov.tr/pdfdokuman/2020/YKS/TSK/tyt_yks_2020.pdf,Problemler,çok adımlı günlük yaşam modeli,nicelik-birim-denklem kurma,soyut/yarı bağlamsal,tek temsilli,sözel metin,yorum/ilişki kurma,orta,orta,orta,orta,hayır,verileni ayır → uygun temsili kur → koşulu uygula → seçenek/sınırla kontrol et,seçenek eleme veya tersine çalışma; şekil sorusunda yardımcı çizgi/oran,bağlam veya birim koşulu,bağlam veya birim koşulu,kolay-orta,75,orta,c992233d609a,Baskın beceriye göre DRKOÇ editöryal sınıflandırması; soru metni yeniden yayımlanmamıştır.
2020,19,geçerli,https://dokuman.osym.gov.tr/pdfdokuman/2020/YKS/TSK/tyt_yks_2020.pdf,Problemler,çok adımlı günlük yaşam modeli,nicelik-birim-denklem kurma,soyut/yarı bağlamsal,tek temsilli,sözel metin,yorum/ilişki kurma,düşük,orta,orta,orta,hayır,verileni ayır → uygun temsili kur → koşulu uygula → seçenek/sınırla kontrol et,seçenek eleme veya tersine çalışma; şekil sorusunda yardımcı çizgi/oran,bağlam veya birim koşulu,bağlam veya birim koşulu,kolay-orta,75,orta,a0130a35c77c,Baskın beceriye göre DRKOÇ editöryal sınıflandırması; soru metni yeniden yayımlanmamıştır.
2020,20,geçerli,https://dokuman.osym.gov.tr/pdfdokuman/2020/YKS/TSK/tyt_yks_2020.pdf,Problemler,çok adımlı günlük yaşam modeli,nicelik-birim-denklem kurma,soyut/yarı bağlamsal,tek temsilli,sözel metin,yorum/ilişki kurma,orta,orta,orta,orta,hayır,verileni ayır → uygun temsili kur → koşulu uygula → seçenek/sınırla kontrol et,seçenek eleme veya tersine çalışma; şekil sorusunda yardımcı çizgi/oran,bağlam veya birim koşulu,bağlam veya birim koşulu,kolay-orta,75,orta,26a3c8df5247,Baskın beceriye göre DRKOÇ editöryal sınıflandırması; soru metni yeniden yayımlanmamıştır.
2020,21,geçerli,https://dokuman.osym.gov.tr/pdfdokuman/2020/YKS/TSK/tyt_yks_2020.pdf,Problemler,çok adımlı günlük yaşam modeli,nicelik-birim-denklem kurma,soyut/yarı bağlamsal,tek temsilli,sözel metin,yorum/ilişki kurma,orta,orta,orta,orta,hayır,verileni ayır → uygun temsili kur → koşulu uygula → seçenek/sınırla kontrol et,seçenek eleme veya tersine çalışma; şekil sorusunda yardımcı çizgi/oran,bağlam veya birim koşulu,bağlam veya birim koşulu,kolay-orta,75,orta,2e4da8d8e381,Baskın beceriye göre DRKOÇ editöryal sınıflandırması; soru metni yeniden yayımlanmamıştır.
2020,22,geçerli,https://dokuman.osym.gov.tr/pdfdokuman/2020/YKS/TSK/tyt_yks_2020.pdf,Problemler,çok adımlı günlük yaşam modeli,nicelik-birim-denklem kurma,soyut/yarı bağlamsal,tek temsilli,sözel metin,yorum/ilişki kurma,orta,orta,orta,orta,hayır,verileni ayır → uygun temsili kur → koşulu uygula → seçenek/sınırla kontrol et,seçenek eleme veya tersine çalışma; şekil sorusunda yardımcı çizgi/oran,bağlam veya birim koşulu,bağlam veya birim koşulu,kolay-orta,75,orta,22d46ff40cd8,Baskın beceriye göre DRKOÇ editöryal sınıflandırması; soru metni yeniden yayımlanmamıştır.
2020,23,geçerli,https://dokuman.osym.gov.tr/pdfdokuman/2020/YKS/TSK/tyt_yks_2020.pdf,Problemler,çok adımlı günlük yaşam modeli,nicelik-birim-denklem kurma,soyut/yarı bağlamsal,çok temsilli,sözel metin+grafik,yorum/ilişki kurma,orta,yüksek,orta,yüksek,evet,verileni ayır → uygun temsili kur → koşulu uygula → seçenek/sınırla kontrol et,seçenek eleme veya tersine çalışma; şekil sorusunda yardımcı çizgi/oran,bağlam veya birim koşulu,bağlam veya birim koşulu,zor,150,orta,8405a3c023b6,Baskın beceriye göre DRKOÇ editöryal sınıflandırması; soru metni yeniden yayımlanmamıştır.
2020,24,geçerli,https://dokuman.osym.gov.tr/pdfdokuman/2020/YKS/TSK/tyt_yks_2020.pdf,Problemler,çok adımlı günlük yaşam modeli,nicelik-birim-denklem kurma,soyut/yarı bağlamsal,tek temsilli,sözel metin,yorum/ilişki kurma,düşük,orta,orta,orta,hayır,verileni ayır → uygun temsili kur → koşulu uygula → seçenek/sınırla kontrol et,seçenek eleme veya tersine çalışma; şekil sorusunda yardımcı çizgi/oran,bağlam veya birim koşulu,bağlam veya birim koşulu,kolay-orta,75,orta,8b847213de9e,Baskın beceriye göre DRKOÇ editöryal sınıflandırması; soru metni yeniden yayımlanmamıştır.
2020,25,geçerli,https://dokuman.osym.gov.tr/pdfdokuman/2020/YKS/TSK/tyt_yks_2020.pdf,Problemler,çok adımlı günlük yaşam modeli,nicelik-birim-denklem kurma,soyut/yarı bağlamsal,tek temsilli,sözel metin,yorum/ilişki kurma,orta,orta,orta,orta,hayır,verileni ayır → uygun temsili kur → koşulu uygula → seçenek/sınırla kontrol et,seçenek eleme veya tersine çalışma; şekil sorusunda yardımcı çizgi/oran,bağlam veya birim koşulu,bağlam veya birim koşulu,kolay-orta,75,orta,d53729d17977,Baskın beceriye göre DRKOÇ editöryal sınıflandırması; soru metni yeniden yayımlanmamıştır.
2020,26,geçerli,https://dokuman.osym.gov.tr/pdfdokuman/2020/YKS/TSK/tyt_yks_2020.pdf,Problemler,çok adımlı günlük yaşam modeli,nicelik-birim-denklem kurma,soyut/yarı bağlamsal,tek temsilli,sözel metin,yorum/ilişki kurma,düşük,orta,orta,orta,hayır,verileni ayır → uygun temsili kur → koşulu uygula → seçenek/sınırla kontrol et,seçenek eleme veya tersine çalışma; şekil sorusunda yardımcı çizgi/oran,bağlam veya birim koşulu,bağlam veya birim koşulu,kolay-orta,75,orta,7ff73ec0c6bb,Baskın beceriye göre DRKOÇ editöryal sınıflandırması; soru metni yeniden yayımlanmamıştır.
2020,27,geçerli,https://dokuman.osym.gov.tr/pdfdokuman/2020/YKS/TSK/tyt_yks_2020.pdf,Problemler,çok adımlı günlük yaşam modeli,nicelik-birim-denklem kurma,soyut/yarı bağlamsal,tek temsilli,sözel metin,yorum/ilişki kurma,orta,orta,orta,orta,hayır,verileni ayır → uygun temsili kur → koşulu uygula → seçenek/sınırla kontrol et,seçenek eleme veya tersine çalışma; şekil sorusunda yardımcı çizgi/oran,bağlam veya birim koşulu,bağlam veya birim koşulu,kolay-orta,75,orta,1c1c2d462e60,Baskın beceriye göre DRKOÇ editöryal sınıflandırması; soru metni yeniden yayımlanmamıştır.
2020,28,geçerli,https://dokuman.osym.gov.tr/pdfdokuman/2020/YKS/TSK/tyt_yks_2020.pdf,Problemler,çok adımlı günlük yaşam modeli,nicelik-birim-denklem kurma,soyut/yarı bağlamsal,tek temsilli,sözel metin,yorum/ilişki kurma,orta,orta,orta,orta,hayır,verileni ayır → uygun temsili kur → koşulu uygula → seçenek/sınırla kontrol et,seçenek eleme veya tersine çalışma; şekil sorusunda yardımcı çizgi/oran,bağlam veya birim koşulu,bağlam veya birim koşulu,kolay-orta,75,orta,41411e4b3810,Baskın beceriye göre DRKOÇ editöryal sınıflandırması; soru metni yeniden yayımlanmamıştır.
2020,29,geçerli,https://dokuman.osym.gov.tr/pdfdokuman/2020/YKS/TSK/tyt_yks_2020.pdf,Problemler,çok adımlı günlük yaşam modeli,nicelik-birim-denklem kurma,günlük yaşam,çok temsilli,sözel metin+günlük yaşam senaryosu,yorum/ilişki kurma,düşük,orta,yüksek,orta,evet,verileni ayır → uygun temsili kur → koşulu uygula → seçenek/sınırla kontrol et,seçenek eleme veya tersine çalışma; şekil sorusunda yardımcı çizgi/oran,bağlam veya birim koşulu,bağlam veya birim koşulu,orta,105,orta,8f9d49e733a1,Baskın beceriye göre DRKOÇ editöryal sınıflandırması; soru metni yeniden yayımlanmamıştır.
2020,30,geçerli,https://dokuman.osym.gov.tr/pdfdokuman/2020/YKS/TSK/tyt_yks_2020.pdf,Olasılık,örnek uzay / olay,istenen ve tüm durumları sayma,soyut/yarı bağlamsal,tek temsilli,sözel metin,doğrudan bilgi+uygulama,düşük,düşük,düşük,orta,hayır,verileni ayır → uygun temsili kur → koşulu uygula → seçenek/sınırla kontrol et,seçenek eleme veya tersine çalışma; şekil sorusunda yardımcı çizgi/oran,eş olasılık veya tümleyen,eş olasılık veya tümleyen,kolay-orta,75,yüksek,d9e1de557163,Baskın beceriye göre DRKOÇ editöryal sınıflandırması; soru metni yeniden yayımlanmamıştır.
2020,31,geçerli,https://dokuman.osym.gov.tr/pdfdokuman/2020/YKS/TSK/tyt_yks_2020.pdf,Açılar ve Üçgenler,açı-kenar / özel üçgen,şekilden zorunlu ilişki çıkarma,geometrik düzenek,çok temsilli,sözel metin+şekil,yorum/ilişki kurma,düşük,orta,orta,orta,evet,verileni ayır → uygun temsili kur → koşulu uygula → seçenek/sınırla kontrol et,seçenek eleme veya tersine çalışma; şekil sorusunda yardımcı çizgi/oran,ölçeksiz şekilden varsayım,ölçeksiz şekilden varsayım,kolay-orta,75,orta,39c3a5a744d9,Baskın beceriye göre DRKOÇ editöryal sınıflandırması; soru metni yeniden yayımlanmamıştır.
2020,32,geçerli,https://dokuman.osym.gov.tr/pdfdokuman/2020/YKS/TSK/tyt_yks_2020.pdf,Açılar ve Üçgenler,açı-kenar / özel üçgen,şekilden zorunlu ilişki çıkarma,geometrik düzenek,çok temsilli,sözel metin+şekil,yorum/ilişki kurma,orta,orta,orta,orta,evet,verileni ayır → uygun temsili kur → koşulu uygula → seçenek/sınırla kontrol et,seçenek eleme veya tersine çalışma; şekil sorusunda yardımcı çizgi/oran,ölçeksiz şekilden varsayım,ölçeksiz şekilden varsayım,kolay-orta,75,orta,922967029444,Baskın beceriye göre DRKOÇ editöryal sınıflandırması; soru metni yeniden yayımlanmamıştır.
2020,33,geçerli,https://dokuman.osym.gov.tr/pdfdokuman/2020/YKS/TSK/tyt_yks_2020.pdf,Dörtgenler,kare-dikdörtgen-yamuk,parçalara ayırma ve alan/oran,geometrik düzenek,çok temsilli,sözel metin+şekil,yorum/ilişki kurma,düşük,orta,orta,orta,evet,verileni ayır → uygun temsili kur → koşulu uygula → seçenek/sınırla kontrol et,seçenek eleme veya tersine çalışma; şekil sorusunda yardımcı çizgi/oran,özel dörtgen koşulu,özel dörtgen koşulu,kolay-orta,75,orta,77d153f1629c,Baskın beceriye göre DRKOÇ editöryal sınıflandırması; soru metni yeniden yayımlanmamıştır.
2020,34,geçerli,https://dokuman.osym.gov.tr/pdfdokuman/2020/YKS/TSK/tyt_yks_2020.pdf,Dörtgenler,kare-dikdörtgen-yamuk,parçalara ayırma ve alan/oran,geometrik düzenek,çok temsilli,sözel metin+şekil,yorum/ilişki kurma,orta,orta,orta,orta,evet,verileni ayır → uygun temsili kur → koşulu uygula → seçenek/sınırla kontrol et,seçenek eleme veya tersine çalışma; şekil sorusunda yardımcı çizgi/oran,özel dörtgen koşulu,özel dörtgen koşulu,kolay-orta,75,orta,07db768f5607,Baskın beceriye göre DRKOÇ editöryal sınıflandırması; soru metni yeniden yayımlanmamıştır.
2020,35,geçerli,https://dokuman.osym.gov.tr/pdfdokuman/2020/YKS/TSK/tyt_yks_2020.pdf,Dörtgenler,kare-dikdörtgen-yamuk,parçalara ayırma ve alan/oran,geometrik düzenek,çok temsilli,sözel metin+şekil,yorum/ilişki kurma,orta,orta,orta,orta,evet,verileni ayır → uygun temsili kur → koşulu uygula → seçenek/sınırla kontrol et,seçenek eleme veya tersine çalışma; şekil sorusunda yardımcı çizgi/oran,özel dörtgen koşulu,özel dörtgen koşulu,kolay-orta,75,orta,cc235c39a603,Baskın beceriye göre DRKOÇ editöryal sınıflandırması; soru metni yeniden yayımlanmamıştır.
2020,36,geçerli,https://dokuman.osym.gov.tr/pdfdokuman/2020/YKS/TSK/tyt_yks_2020.pdf,Dörtgenler,kare-dikdörtgen-yamuk,parçalara ayırma ve alan/oran,geometrik düzenek,çok temsilli,sözel metin+şekil,yorum/ilişki kurma,düşük,orta,orta,orta,evet,verileni ayır → uygun temsili kur → koşulu uygula → seçenek/sınırla kontrol et,seçenek eleme veya tersine çalışma; şekil sorusunda yardımcı çizgi/oran,özel dörtgen koşulu,özel dörtgen koşulu,kolay-orta,75,orta,af8f54d7c5cb,Baskın beceriye göre DRKOÇ editöryal sınıflandırması; soru metni yeniden yayımlanmamıştır.
2020,37,geçerli,https://dokuman.osym.gov.tr/pdfdokuman/2020/YKS/TSK/tyt_yks_2020.pdf,Dörtgenler,kare-dikdörtgen-yamuk,parçalara ayırma ve alan/oran,geometrik düzenek,çok temsilli,sözel metin+şekil,yorum/ilişki kurma,düşük,orta,orta,orta,evet,verileni ayır → uygun temsili kur → koşulu uygula → seçenek/sınırla kontrol et,seçenek eleme veya tersine çalışma; şekil sorusunda yardımcı çizgi/oran,özel dörtgen koşulu,özel dörtgen koşulu,kolay-orta,75,orta,cb4f86827381,Baskın beceriye göre DRKOÇ editöryal sınıflandırması; soru metni yeniden yayımlanmamıştır.
2020,38,geçerli,https://dokuman.osym.gov.tr/pdfdokuman/2020/YKS/TSK/tyt_yks_2020.pdf,Çokgenler,iç-dış açı / düzgün çokgen,üçgenlere ayırma,geometrik düzenek,çok temsilli,sözel metin+şekil,yorum/ilişki kurma,orta,orta,orta,orta,evet,verileni ayır → uygun temsili kur → koşulu uygula → seçenek/sınırla kontrol et,seçenek eleme veya tersine çalışma; şekil sorusunda yardımcı çizgi/oran,iç ve dış açıyı karıştırma,iç ve dış açıyı karıştırma,kolay-orta,75,orta,87e73c5b4674,Baskın beceriye göre DRKOÇ editöryal sınıflandırması; soru metni yeniden yayımlanmamıştır.
2020,39,geçerli,https://dokuman.osym.gov.tr/pdfdokuman/2020/YKS/TSK/tyt_yks_2020.pdf,Katı Cisimler,yüzey / hacim / açınım,üç boyutlu modeli parçalama,geometrik düzenek,tek temsilli,şekil,yorum/ilişki kurma,düşük,düşük,düşük,orta,hayır,verileni ayır → uygun temsili kur → koşulu uygula → seçenek/sınırla kontrol et,seçenek eleme veya tersine çalışma; şekil sorusunda yardımcı çizgi/oran,alan-hacim ve birim ayrımı,alan-hacim ve birim ayrımı,kolay-orta,75,düşük,metin-cikmadi,Baskın beceriye göre DRKOÇ editöryal sınıflandırması; soru metni yeniden yayımlanmamıştır.
2020,40,geçerli,https://dokuman.osym.gov.tr/pdfdokuman/2020/YKS/TSK/tyt_yks_2020.pdf,Katı Cisimler,yüzey / hacim / açınım,üç boyutlu modeli parçalama,geometrik düzenek,tek temsilli,şekil,yorum/ilişki kurma,düşük,düşük,düşük,orta,hayır,verileni ayır → uygun temsili kur → koşulu uygula → seçenek/sınırla kontrol et,seçenek eleme veya tersine çalışma; şekil sorusunda yardımcı çizgi/oran,alan-hacim ve birim ayrımı,alan-hacim ve birim ayrımı,kolay-orta,75,düşük,metin-cikmadi,Baskın beceriye göre DRKOÇ editöryal sınıflandırması; soru metni yeniden yayımlanmamıştır.
2021,1,geçerli,https://dokuman.osym.gov.tr/pdfdokuman/2021/YKS/TSK/tyt_yks_2021.pdf,Rasyonel Sayılar,kesir / ondalık gösterim,eş değer gösterimleri dönüştürme,soyut/yarı bağlamsal,tek temsilli,sözel metin,yorum/ilişki kurma,düşük,orta,orta,orta,hayır,verileni ayır → uygun temsili kur → koşulu uygula → seçenek/sınırla kontrol et,seçenek eleme veya tersine çalışma; şekil sorusunda yardımcı çizgi/oran,payda ve işlem önceliği,payda ve işlem önceliği,kolay-orta,75,düşük,b5f0e6154f31,Baskın beceriye göre DRKOÇ editöryal sınıflandırması; soru metni yeniden yayımlanmamıştır.
2021,2,geçerli,https://dokuman.osym.gov.tr/pdfdokuman/2021/YKS/TSK/tyt_yks_2021.pdf,Üslü Sayılar,üs kuralları / katlanma,ortak tabana dönüştürme,soyut/yarı bağlamsal,tek temsilli,sözel metin,yorum/ilişki kurma,düşük,orta,orta,orta,hayır,verileni ayır → uygun temsili kur → koşulu uygula → seçenek/sınırla kontrol et,seçenek eleme veya tersine çalışma; şekil sorusunda yardımcı çizgi/oran,toplamda üs birleştirme,toplamda üs birleştirme,kolay-orta,75,düşük,6055f078dd35,Baskın beceriye göre DRKOÇ editöryal sınıflandırması; soru metni yeniden yayımlanmamıştır.
2021,3,geçerli,https://dokuman.osym.gov.tr/pdfdokuman/2021/YKS/TSK/tyt_yks_2021.pdf,Oran - Orantı,oran / ölçek / birlikte değişim,birim oran kurma,soyut/yarı bağlamsal,tek temsilli,sözel metin,yorum/ilişki kurma,orta,orta,orta,orta,hayır,verileni ayır → uygun temsili kur → koşulu uygula → seçenek/sınırla kontrol et,seçenek eleme veya tersine çalışma; şekil sorusunda yardımcı çizgi/oran,oran sırası ve birim,oran sırası ve birim,kolay-orta,75,orta,d8e6ec76e386,Baskın beceriye göre DRKOÇ editöryal sınıflandırması; soru metni yeniden yayımlanmamıştır.
2021,4,geçerli,https://dokuman.osym.gov.tr/pdfdokuman/2021/YKS/TSK/tyt_yks_2021.pdf,Rasyonel Sayılar,kesir / ondalık gösterim,eş değer gösterimleri dönüştürme,soyut/yarı bağlamsal,tek temsilli,sözel metin,doğrudan bilgi+uygulama,düşük,düşük,düşük,orta,hayır,verileni ayır → uygun temsili kur → koşulu uygula → seçenek/sınırla kontrol et,seçenek eleme veya tersine çalışma; şekil sorusunda yardımcı çizgi/oran,payda ve işlem önceliği,payda ve işlem önceliği,kolay-orta,75,düşük,57ce3925cf5d,Baskın beceriye göre DRKOÇ editöryal sınıflandırması; soru metni yeniden yayımlanmamıştır.
2021,5,geçerli,https://dokuman.osym.gov.tr/pdfdokuman/2021/YKS/TSK/tyt_yks_2021.pdf,Temel Kavramlar,sayı özelliği / yeni tanım,koşulu matematik diline çevirme,günlük yaşam,çok temsilli,sözel metin+günlük yaşam senaryosu,yorum/ilişki kurma,orta,orta,yüksek,orta,evet,verileni ayır → uygun temsili kur → koşulu uygula → seçenek/sınırla kontrol et,seçenek eleme veya tersine çalışma; şekil sorusunda yardımcı çizgi/oran,örnek ve karşı örnek,örnek ve karşı örnek,orta,105,düşük,126946310427,Baskın beceriye göre DRKOÇ editöryal sınıflandırması; soru metni yeniden yayımlanmamıştır.
2021,6,geçerli,https://dokuman.osym.gov.tr/pdfdokuman/2021/YKS/TSK/tyt_yks_2021.pdf,Temel Kavramlar,sayı özelliği / yeni tanım,koşulu matematik diline çevirme,soyut/yarı bağlamsal,tek temsilli,sözel metin,yorum/ilişki kurma,orta,orta,orta,orta,hayır,verileni ayır → uygun temsili kur → koşulu uygula → seçenek/sınırla kontrol et,seçenek eleme veya tersine çalışma; şekil sorusunda yardımcı çizgi/oran,örnek ve karşı örnek,örnek ve karşı örnek,kolay-orta,75,düşük,91a953b680bd,Baskın beceriye göre DRKOÇ editöryal sınıflandırması; soru metni yeniden yayımlanmamıştır.
2021,7,geçerli,https://dokuman.osym.gov.tr/pdfdokuman/2021/YKS/TSK/tyt_yks_2021.pdf,Mutlak Değer,uzaklık ve parçalı koşul,mutlak değer denklemi kurma,soyut/yarı bağlamsal,tek temsilli,sözel metin,yorum/ilişki kurma,orta,yüksek,orta,orta,hayır,verileni ayır → uygun temsili kur → koşulu uygula → seçenek/sınırla kontrol et,seçenek eleme veya tersine çalışma; şekil sorusunda yardımcı çizgi/oran,tek dal alma,tek dal alma,kolay-orta,75,düşük,188594148cc6,Baskın beceriye göre DRKOÇ editöryal sınıflandırması; soru metni yeniden yayımlanmamıştır.
2021,8,geçerli,https://dokuman.osym.gov.tr/pdfdokuman/2021/YKS/TSK/tyt_yks_2021.pdf,Sayı Basamakları,rakam ve basamak koşulları,basamak çözümlemesi,soyut/yarı bağlamsal,tek temsilli,sözel metin,yorum/ilişki kurma,düşük,orta,orta,orta,hayır,verileni ayır → uygun temsili kur → koşulu uygula → seçenek/sınırla kontrol et,seçenek eleme veya tersine çalışma; şekil sorusunda yardımcı çizgi/oran,baştaki sıfır veya farklı rakam koşulu,baştaki sıfır veya farklı rakam koşulu,kolay-orta,75,düşük,f9279f012264,Baskın beceriye göre DRKOÇ editöryal sınıflandırması; soru metni yeniden yayımlanmamıştır.
2021,9,geçerli,https://dokuman.osym.gov.tr/pdfdokuman/2021/YKS/TSK/tyt_yks_2021.pdf,Temel Kavramlar,sayı özelliği / yeni tanım,koşulu matematik diline çevirme,soyut/yarı bağlamsal,tek temsilli,sözel metin,doğrudan bilgi+uygulama,düşük,düşük,düşük,orta,hayır,verileni ayır → uygun temsili kur → koşulu uygula → seçenek/sınırla kontrol et,seçenek eleme veya tersine çalışma; şekil sorusunda yardımcı çizgi/oran,örnek ve karşı örnek,örnek ve karşı örnek,kolay-orta,75,düşük,9280eb43d6b8,Baskın beceriye göre DRKOÇ editöryal sınıflandırması; soru metni yeniden yayımlanmamıştır.
2021,10,geçerli,https://dokuman.osym.gov.tr/pdfdokuman/2021/YKS/TSK/tyt_yks_2021.pdf,Kümeler,küme işlemleri / Kartezyen çarpım,üyelik ve bölgeleri sınıflandırma,soyut/yarı bağlamsal,tek temsilli,sözel metin,yorum/ilişki kurma,düşük,orta,orta,orta,hayır,verileni ayır → uygun temsili kur → koşulu uygula → seçenek/sınırla kontrol et,seçenek eleme veya tersine çalışma; şekil sorusunda yardımcı çizgi/oran,kesişimi iki kez sayma,kesişimi iki kez sayma,kolay-orta,75,düşük,8432c4d8ac9d,Baskın beceriye göre DRKOÇ editöryal sınıflandırması; soru metni yeniden yayımlanmamıştır.
2021,11,geçerli,https://dokuman.osym.gov.tr/pdfdokuman/2021/YKS/TSK/tyt_yks_2021.pdf,Bölme ve Bölünebilme,bölüm-kalan / bölünebilme,kalan ilişkisi kurma,soyut/yarı bağlamsal,tek temsilli,sözel metin,yorum/ilişki kurma,düşük,orta,orta,orta,hayır,verileni ayır → uygun temsili kur → koşulu uygula → seçenek/sınırla kontrol et,seçenek eleme veya tersine çalışma; şekil sorusunda yardımcı çizgi/oran,kalan sınırı,kalan sınırı,kolay-orta,75,düşük,62e1981703c6,Baskın beceriye göre DRKOÇ editöryal sınıflandırması; soru metni yeniden yayımlanmamıştır.
2021,12,geçerli,https://dokuman.osym.gov.tr/pdfdokuman/2021/YKS/TSK/tyt_yks_2021.pdf,Fonksiyonlar,girdi-çıktı / grafik,temsil dönüşümü ve değer bulma,soyut/yarı bağlamsal,çok temsilli,sözel metin+grafik,doğrudan bilgi+uygulama,düşük,düşük,düşük,orta,evet,verileni ayır → uygun temsili kur → koşulu uygula → seçenek/sınırla kontrol et,seçenek eleme veya tersine çalışma; şekil sorusunda yardımcı çizgi/oran,tanım kümesi veya bileşke sırası,tanım kümesi veya bileşke sırası,kolay-orta,75,yüksek,ad93d917f59f,Baskın beceriye göre DRKOÇ editöryal sınıflandırması; soru metni yeniden yayımlanmamıştır.
2021,13,geçerli,https://dokuman.osym.gov.tr/pdfdokuman/2021/YKS/TSK/tyt_yks_2021.pdf,Rasyonel Sayılar,kesir / ondalık gösterim,eş değer gösterimleri dönüştürme,günlük yaşam,çok temsilli,sözel metin+tablo+günlük yaşam senaryosu,yorum/ilişki kurma,orta,orta,yüksek,orta,evet,verileni ayır → uygun temsili kur → koşulu uygula → seçenek/sınırla kontrol et,seçenek eleme veya tersine çalışma; şekil sorusunda yardımcı çizgi/oran,payda ve işlem önceliği,payda ve işlem önceliği,orta,105,düşük,806ac6cfd682,Baskın beceriye göre DRKOÇ editöryal sınıflandırması; soru metni yeniden yayımlanmamıştır.
2021,14,geçerli,https://dokuman.osym.gov.tr/pdfdokuman/2021/YKS/TSK/tyt_yks_2021.pdf,Basit Eşitsizlikler,aralık / alt-üst sınır,çözüm kümesini bulma,soyut/yarı bağlamsal,tek temsilli,sözel metin,yorum/ilişki kurma,orta,yüksek,orta,orta,hayır,verileni ayır → uygun temsili kur → koşulu uygula → seçenek/sınırla kontrol et,seçenek eleme veya tersine çalışma; şekil sorusunda yardımcı çizgi/oran,negatif sayıda yön değiştirme,negatif sayıda yön değiştirme,kolay-orta,75,düşük,b3de8b6abc53,Baskın beceriye göre DRKOÇ editöryal sınıflandırması; soru metni yeniden yayımlanmamıştır.
2021,15,geçerli,https://dokuman.osym.gov.tr/pdfdokuman/2021/YKS/TSK/tyt_yks_2021.pdf,Sayı Basamakları,rakam ve basamak koşulları,basamak çözümlemesi,soyut/yarı bağlamsal,tek temsilli,sözel metin,doğrudan bilgi+uygulama,orta,düşük,düşük,orta,hayır,verileni ayır → uygun temsili kur → koşulu uygula → seçenek/sınırla kontrol et,seçenek eleme veya tersine çalışma; şekil sorusunda yardımcı çizgi/oran,baştaki sıfır veya farklı rakam koşulu,baştaki sıfır veya farklı rakam koşulu,kolay-orta,75,yüksek,90a8dc464422,Baskın beceriye göre DRKOÇ editöryal sınıflandırması; soru metni yeniden yayımlanmamıştır.
2021,16,geçerli,https://dokuman.osym.gov.tr/pdfdokuman/2021/YKS/TSK/tyt_yks_2021.pdf,Köklü Sayılar,ana kök / kök sadeleştirme,tam kare çarpan kullanma,soyut/yarı bağlamsal,tek temsilli,sözel metin,yorum/ilişki kurma,düşük,orta,orta,orta,hayır,verileni ayır → uygun temsili kur → koşulu uygula → seçenek/sınırla kontrol et,seçenek eleme veya tersine çalışma; şekil sorusunda yardımcı çizgi/oran,kökü toplam üzerine dağıtma,kökü toplam üzerine dağıtma,kolay-orta,75,düşük,0630a33946b9,Baskın beceriye göre DRKOÇ editöryal sınıflandırması; soru metni yeniden yayımlanmamıştır.
2021,17,geçerli,https://dokuman.osym.gov.tr/pdfdokuman/2021/YKS/TSK/tyt_yks_2021.pdf,Problemler,çok adımlı günlük yaşam modeli,nicelik-birim-denklem kurma,soyut/yarı bağlamsal,tek temsilli,sözel metin,doğrudan bilgi+uygulama,orta,düşük,düşük,orta,hayır,verileni ayır → uygun temsili kur → koşulu uygula → seçenek/sınırla kontrol et,seçenek eleme veya tersine çalışma; şekil sorusunda yardımcı çizgi/oran,bağlam veya birim koşulu,bağlam veya birim koşulu,kolay-orta,75,orta,ea5a9f821e29,Baskın beceriye göre DRKOÇ editöryal sınıflandırması; soru metni yeniden yayımlanmamıştır.
2021,18,geçerli,https://dokuman.osym.gov.tr/pdfdokuman/2021/YKS/TSK/tyt_yks_2021.pdf,Problemler,çok adımlı günlük yaşam modeli,nicelik-birim-denklem kurma,soyut/yarı bağlamsal,tek temsilli,sözel metin,yorum/ilişki kurma,orta,yüksek,orta,orta,hayır,verileni ayır → uygun temsili kur → koşulu uygula → seçenek/sınırla kontrol et,seçenek eleme veya tersine çalışma; şekil sorusunda yardımcı çizgi/oran,bağlam veya birim koşulu,bağlam veya birim koşulu,kolay-orta,75,orta,d67bbd1e637b,Baskın beceriye göre DRKOÇ editöryal sınıflandırması; soru metni yeniden yayımlanmamıştır.
2021,19,geçerli,https://dokuman.osym.gov.tr/pdfdokuman/2021/YKS/TSK/tyt_yks_2021.pdf,Problemler,çok adımlı günlük yaşam modeli,nicelik-birim-denklem kurma,soyut/yarı bağlamsal,tek temsilli,sözel metin,yorum/ilişki kurma,düşük,orta,orta,orta,hayır,verileni ayır → uygun temsili kur → koşulu uygula → seçenek/sınırla kontrol et,seçenek eleme veya tersine çalışma; şekil sorusunda yardımcı çizgi/oran,bağlam veya birim koşulu,bağlam veya birim koşulu,kolay-orta,75,orta,cf5924eab3f7,Baskın beceriye göre DRKOÇ editöryal sınıflandırması; soru metni yeniden yayımlanmamıştır.
2021,20,geçerli,https://dokuman.osym.gov.tr/pdfdokuman/2021/YKS/TSK/tyt_yks_2021.pdf,Problemler,çok adımlı günlük yaşam modeli,nicelik-birim-denklem kurma,soyut/yarı bağlamsal,tek temsilli,sözel metin,yorum/ilişki kurma,orta,orta,orta,orta,hayır,verileni ayır → uygun temsili kur → koşulu uygula → seçenek/sınırla kontrol et,seçenek eleme veya tersine çalışma; şekil sorusunda yardımcı çizgi/oran,bağlam veya birim koşulu,bağlam veya birim koşulu,kolay-orta,75,orta,832db7891ecf,Baskın beceriye göre DRKOÇ editöryal sınıflandırması; soru metni yeniden yayımlanmamıştır.
2021,21,geçerli,https://dokuman.osym.gov.tr/pdfdokuman/2021/YKS/TSK/tyt_yks_2021.pdf,Problemler,çok adımlı günlük yaşam modeli,nicelik-birim-denklem kurma,soyut/yarı bağlamsal,tek temsilli,sözel metin,yorum/ilişki kurma,düşük,orta,orta,orta,hayır,verileni ayır → uygun temsili kur → koşulu uygula → seçenek/sınırla kontrol et,seçenek eleme veya tersine çalışma; şekil sorusunda yardımcı çizgi/oran,bağlam veya birim koşulu,bağlam veya birim koşulu,kolay-orta,75,orta,fecb30db3270,Baskın beceriye göre DRKOÇ editöryal sınıflandırması; soru metni yeniden yayımlanmamıştır.
2021,22,geçerli,https://dokuman.osym.gov.tr/pdfdokuman/2021/YKS/TSK/tyt_yks_2021.pdf,Problemler,çok adımlı günlük yaşam modeli,nicelik-birim-denklem kurma,soyut/yarı bağlamsal,tek temsilli,sözel metin,yorum/ilişki kurma,orta,orta,orta,orta,hayır,verileni ayır → uygun temsili kur → koşulu uygula → seçenek/sınırla kontrol et,seçenek eleme veya tersine çalışma; şekil sorusunda yardımcı çizgi/oran,bağlam veya birim koşulu,bağlam veya birim koşulu,kolay-orta,75,orta,c1da63af0151,Baskın beceriye göre DRKOÇ editöryal sınıflandırması; soru metni yeniden yayımlanmamıştır.
2021,23,geçerli,https://dokuman.osym.gov.tr/pdfdokuman/2021/YKS/TSK/tyt_yks_2021.pdf,Problemler,çok adımlı günlük yaşam modeli,nicelik-birim-denklem kurma,soyut/yarı bağlamsal,tek temsilli,sözel metin,yorum/ilişki kurma,orta,orta,orta,orta,hayır,verileni ayır → uygun temsili kur → koşulu uygula → seçenek/sınırla kontrol et,seçenek eleme veya tersine çalışma; şekil sorusunda yardımcı çizgi/oran,bağlam veya birim koşulu,bağlam veya birim koşulu,kolay-orta,75,orta,81c986563587,Baskın beceriye göre DRKOÇ editöryal sınıflandırması; soru metni yeniden yayımlanmamıştır.
2021,24,geçerli,https://dokuman.osym.gov.tr/pdfdokuman/2021/YKS/TSK/tyt_yks_2021.pdf,Problemler,çok adımlı günlük yaşam modeli,nicelik-birim-denklem kurma,soyut/yarı bağlamsal,tek temsilli,sözel metin,yorum/ilişki kurma,orta,yüksek,orta,orta,hayır,verileni ayır → uygun temsili kur → koşulu uygula → seçenek/sınırla kontrol et,seçenek eleme veya tersine çalışma; şekil sorusunda yardımcı çizgi/oran,bağlam veya birim koşulu,bağlam veya birim koşulu,kolay-orta,75,orta,5270336dd579,Baskın beceriye göre DRKOÇ editöryal sınıflandırması; soru metni yeniden yayımlanmamıştır.
2021,25,geçerli,https://dokuman.osym.gov.tr/pdfdokuman/2021/YKS/TSK/tyt_yks_2021.pdf,Problemler,çok adımlı günlük yaşam modeli,nicelik-birim-denklem kurma,günlük yaşam,çok temsilli,sözel metin+günlük yaşam senaryosu,yorum/ilişki kurma,düşük,yüksek,yüksek,yüksek,evet,verileni ayır → uygun temsili kur → koşulu uygula → seçenek/sınırla kontrol et,seçenek eleme veya tersine çalışma; şekil sorusunda yardımcı çizgi/oran,bağlam veya birim koşulu,bağlam veya birim koşulu,orta,105,orta,dfa5264d20ad,Baskın beceriye göre DRKOÇ editöryal sınıflandırması; soru metni yeniden yayımlanmamıştır.
2021,26,geçerli,https://dokuman.osym.gov.tr/pdfdokuman/2021/YKS/TSK/tyt_yks_2021.pdf,Problemler,çok adımlı günlük yaşam modeli,nicelik-birim-denklem kurma,günlük yaşam,çok temsilli,sözel metin+günlük yaşam senaryosu,yorum/ilişki kurma,orta,orta,yüksek,orta,evet,verileni ayır → uygun temsili kur → koşulu uygula → seçenek/sınırla kontrol et,seçenek eleme veya tersine çalışma; şekil sorusunda yardımcı çizgi/oran,bağlam veya birim koşulu,bağlam veya birim koşulu,orta,105,orta,d20d4cc7463a,Baskın beceriye göre DRKOÇ editöryal sınıflandırması; soru metni yeniden yayımlanmamıştır.
2021,27,geçerli,https://dokuman.osym.gov.tr/pdfdokuman/2021/YKS/TSK/tyt_yks_2021.pdf,Problemler,çok adımlı günlük yaşam modeli,nicelik-birim-denklem kurma,soyut/yarı bağlamsal,tek temsilli,sözel metin,yorum/ilişki kurma,düşük,orta,orta,orta,hayır,verileni ayır → uygun temsili kur → koşulu uygula → seçenek/sınırla kontrol et,seçenek eleme veya tersine çalışma; şekil sorusunda yardımcı çizgi/oran,bağlam veya birim koşulu,bağlam veya birim koşulu,kolay-orta,75,orta,2b5f1be62df8,Baskın beceriye göre DRKOÇ editöryal sınıflandırması; soru metni yeniden yayımlanmamıştır.
2021,28,geçerli,https://dokuman.osym.gov.tr/pdfdokuman/2021/YKS/TSK/tyt_yks_2021.pdf,Problemler,çok adımlı günlük yaşam modeli,nicelik-birim-denklem kurma,günlük yaşam,çok temsilli,sözel metin+grafik+günlük yaşam senaryosu,yorum/ilişki kurma,düşük,orta,yüksek,orta,evet,verileni ayır → uygun temsili kur → koşulu uygula → seçenek/sınırla kontrol et,seçenek eleme veya tersine çalışma; şekil sorusunda yardımcı çizgi/oran,bağlam veya birim koşulu,bağlam veya birim koşulu,orta,105,orta,b5cfa443a179,Baskın beceriye göre DRKOÇ editöryal sınıflandırması; soru metni yeniden yayımlanmamıştır.
2021,29,geçerli,https://dokuman.osym.gov.tr/pdfdokuman/2021/YKS/TSK/tyt_yks_2021.pdf,Problemler,çok adımlı günlük yaşam modeli,nicelik-birim-denklem kurma,soyut/yarı bağlamsal,tek temsilli,sözel metin,yorum/ilişki kurma,düşük,orta,orta,orta,hayır,verileni ayır → uygun temsili kur → koşulu uygula → seçenek/sınırla kontrol et,seçenek eleme veya tersine çalışma; şekil sorusunda yardımcı çizgi/oran,bağlam veya birim koşulu,bağlam veya birim koşulu,kolay-orta,75,orta,33cf6b401188,Baskın beceriye göre DRKOÇ editöryal sınıflandırması; soru metni yeniden yayımlanmamıştır.
2021,30,geçerli,https://dokuman.osym.gov.tr/pdfdokuman/2021/YKS/TSK/tyt_yks_2021.pdf,Olasılık,örnek uzay / olay,istenen ve tüm durumları sayma,soyut/yarı bağlamsal,tek temsilli,sözel metin,yorum/ilişki kurma,düşük,orta,orta,orta,hayır,verileni ayır → uygun temsili kur → koşulu uygula → seçenek/sınırla kontrol et,seçenek eleme veya tersine çalışma; şekil sorusunda yardımcı çizgi/oran,eş olasılık veya tümleyen,eş olasılık veya tümleyen,kolay-orta,75,yüksek,54e9dff9ea92,Baskın beceriye göre DRKOÇ editöryal sınıflandırması; soru metni yeniden yayımlanmamıştır.
2021,31,geçerli,https://dokuman.osym.gov.tr/pdfdokuman/2021/YKS/TSK/tyt_yks_2021.pdf,Açılar ve Üçgenler,açı-kenar / özel üçgen,şekilden zorunlu ilişki çıkarma,geometrik düzenek,çok temsilli,sözel metin+şekil+günlük yaşam senaryosu,yorum/ilişki kurma,düşük,orta,yüksek,orta,evet,verileni ayır → uygun temsili kur → koşulu uygula → seçenek/sınırla kontrol et,seçenek eleme veya tersine çalışma; şekil sorusunda yardımcı çizgi/oran,ölçeksiz şekilden varsayım,ölçeksiz şekilden varsayım,orta,105,orta,a7f2aefe83ce,Baskın beceriye göre DRKOÇ editöryal sınıflandırması; soru metni yeniden yayımlanmamıştır.
2021,32,geçerli,https://dokuman.osym.gov.tr/pdfdokuman/2021/YKS/TSK/tyt_yks_2021.pdf,Açılar ve Üçgenler,açı-kenar / özel üçgen,şekilden zorunlu ilişki çıkarma,geometrik düzenek,çok temsilli,sözel metin+şekil,yorum/ilişki kurma,düşük,orta,orta,orta,evet,verileni ayır → uygun temsili kur → koşulu uygula → seçenek/sınırla kontrol et,seçenek eleme veya tersine çalışma; şekil sorusunda yardımcı çizgi/oran,ölçeksiz şekilden varsayım,ölçeksiz şekilden varsayım,kolay-orta,75,orta,f90fb5bb8c97,Baskın beceriye göre DRKOÇ editöryal sınıflandırması; soru metni yeniden yayımlanmamıştır.
2021,33,geçerli,https://dokuman.osym.gov.tr/pdfdokuman/2021/YKS/TSK/tyt_yks_2021.pdf,Açılar ve Üçgenler,açı-kenar / özel üçgen,şekilden zorunlu ilişki çıkarma,geometrik düzenek,çok temsilli,sözel metin+şekil,yorum/ilişki kurma,düşük,orta,orta,orta,evet,verileni ayır → uygun temsili kur → koşulu uygula → seçenek/sınırla kontrol et,seçenek eleme veya tersine çalışma; şekil sorusunda yardımcı çizgi/oran,ölçeksiz şekilden varsayım,ölçeksiz şekilden varsayım,kolay-orta,75,orta,b6d003e7f706,Baskın beceriye göre DRKOÇ editöryal sınıflandırması; soru metni yeniden yayımlanmamıştır.
2021,34,geçerli,https://dokuman.osym.gov.tr/pdfdokuman/2021/YKS/TSK/tyt_yks_2021.pdf,Açılar ve Üçgenler,açı-kenar / özel üçgen,şekilden zorunlu ilişki çıkarma,geometrik düzenek,çok temsilli,sözel metin+şekil,yorum/ilişki kurma,düşük,orta,orta,orta,evet,verileni ayır → uygun temsili kur → koşulu uygula → seçenek/sınırla kontrol et,seçenek eleme veya tersine çalışma; şekil sorusunda yardımcı çizgi/oran,ölçeksiz şekilden varsayım,ölçeksiz şekilden varsayım,kolay-orta,75,orta,3ab8de54ba40,Baskın beceriye göre DRKOÇ editöryal sınıflandırması; soru metni yeniden yayımlanmamıştır.
2021,35,geçerli,https://dokuman.osym.gov.tr/pdfdokuman/2021/YKS/TSK/tyt_yks_2021.pdf,Dörtgenler,kare-dikdörtgen-yamuk,parçalara ayırma ve alan/oran,geometrik düzenek,çok temsilli,sözel metin+şekil,yorum/ilişki kurma,orta,orta,orta,orta,evet,verileni ayır → uygun temsili kur → koşulu uygula → seçenek/sınırla kontrol et,seçenek eleme veya tersine çalışma; şekil sorusunda yardımcı çizgi/oran,özel dörtgen koşulu,özel dörtgen koşulu,kolay-orta,75,orta,03a61d4dc8b5,Baskın beceriye göre DRKOÇ editöryal sınıflandırması; soru metni yeniden yayımlanmamıştır.
2021,36,geçerli,https://dokuman.osym.gov.tr/pdfdokuman/2021/YKS/TSK/tyt_yks_2021.pdf,Dörtgenler,kare-dikdörtgen-yamuk,parçalara ayırma ve alan/oran,geometrik düzenek,çok temsilli,sözel metin+şekil,yorum/ilişki kurma,düşük,düşük,düşük,orta,evet,verileni ayır → uygun temsili kur → koşulu uygula → seçenek/sınırla kontrol et,seçenek eleme veya tersine çalışma; şekil sorusunda yardımcı çizgi/oran,özel dörtgen koşulu,özel dörtgen koşulu,kolay-orta,75,orta,1fcc38501f93,Baskın beceriye göre DRKOÇ editöryal sınıflandırması; soru metni yeniden yayımlanmamıştır.
2021,37,geçerli,https://dokuman.osym.gov.tr/pdfdokuman/2021/YKS/TSK/tyt_yks_2021.pdf,Çokgenler,iç-dış açı / düzgün çokgen,üçgenlere ayırma,geometrik düzenek,çok temsilli,sözel metin+şekil,yorum/ilişki kurma,orta,orta,orta,orta,evet,verileni ayır → uygun temsili kur → koşulu uygula → seçenek/sınırla kontrol et,seçenek eleme veya tersine çalışma; şekil sorusunda yardımcı çizgi/oran,iç ve dış açıyı karıştırma,iç ve dış açıyı karıştırma,kolay-orta,75,orta,122fa966bf7c,Baskın beceriye göre DRKOÇ editöryal sınıflandırması; soru metni yeniden yayımlanmamıştır.
2021,38,geçerli,https://dokuman.osym.gov.tr/pdfdokuman/2021/YKS/TSK/tyt_yks_2021.pdf,Analitik Geometri,nokta-doğru / eğim-uzaklık,geometriyi koordinata çevirme,geometrik düzenek,tek temsilli,şekil,yorum/ilişki kurma,düşük,düşük,düşük,orta,hayır,verileni ayır → uygun temsili kur → koşulu uygula → seçenek/sınırla kontrol et,seçenek eleme veya tersine çalışma; şekil sorusunda yardımcı çizgi/oran,koordinat veya eğim işareti,koordinat veya eğim işareti,kolay-orta,75,düşük,metin-cikmadi,Baskın beceriye göre DRKOÇ editöryal sınıflandırması; soru metni yeniden yayımlanmamıştır.
2021,39,geçerli,https://dokuman.osym.gov.tr/pdfdokuman/2021/YKS/TSK/tyt_yks_2021.pdf,Katı Cisimler,yüzey / hacim / açınım,üç boyutlu modeli parçalama,geometrik düzenek,tek temsilli,şekil,yorum/ilişki kurma,düşük,düşük,düşük,orta,hayır,verileni ayır → uygun temsili kur → koşulu uygula → seçenek/sınırla kontrol et,seçenek eleme veya tersine çalışma; şekil sorusunda yardımcı çizgi/oran,alan-hacim ve birim ayrımı,alan-hacim ve birim ayrımı,kolay-orta,75,düşük,metin-cikmadi,Baskın beceriye göre DRKOÇ editöryal sınıflandırması; soru metni yeniden yayımlanmamıştır.
2021,40,geçerli,https://dokuman.osym.gov.tr/pdfdokuman/2021/YKS/TSK/tyt_yks_2021.pdf,Katı Cisimler,yüzey / hacim / açınım,üç boyutlu modeli parçalama,geometrik düzenek,tek temsilli,şekil,yorum/ilişki kurma,düşük,düşük,düşük,orta,hayır,verileni ayır → uygun temsili kur → koşulu uygula → seçenek/sınırla kontrol et,seçenek eleme veya tersine çalışma; şekil sorusunda yardımcı çizgi/oran,alan-hacim ve birim ayrımı,alan-hacim ve birim ayrımı,kolay-orta,75,düşük,metin-cikmadi,Baskın beceriye göre DRKOÇ editöryal sınıflandırması; soru metni yeniden yayımlanmamıştır.
2022,1,geçerli,https://dokuman.osym.gov.tr/pdfdokuman/2022/YKS/TSK/yks_2022_tyt.pdf,Oran - Orantı,oran / ölçek / birlikte değişim,birim oran kurma,soyut/yarı bağlamsal,çok temsilli,sözel metin+tablo,yorum/ilişki kurma,orta,orta,orta,orta,evet,verileni ayır → uygun temsili kur → koşulu uygula → seçenek/sınırla kontrol et,seçenek eleme veya tersine çalışma; şekil sorusunda yardımcı çizgi/oran,oran sırası ve birim,oran sırası ve birim,kolay-orta,75,orta,e4ac874f5f15,Baskın beceriye göre DRKOÇ editöryal sınıflandırması; soru metni yeniden yayımlanmamıştır.
2022,2,geçerli,https://dokuman.osym.gov.tr/pdfdokuman/2022/YKS/TSK/yks_2022_tyt.pdf,Temel Kavramlar,sayı özelliği / yeni tanım,koşulu matematik diline çevirme,soyut/yarı bağlamsal,tek temsilli,sözel metin,yorum/ilişki kurma,düşük,orta,orta,orta,hayır,verileni ayır → uygun temsili kur → koşulu uygula → seçenek/sınırla kontrol et,seçenek eleme veya tersine çalışma; şekil sorusunda yardımcı çizgi/oran,örnek ve karşı örnek,örnek ve karşı örnek,kolay-orta,75,düşük,90e16b7390ef,Baskın beceriye göre DRKOÇ editöryal sınıflandırması; soru metni yeniden yayımlanmamıştır.
2022,3,geçerli,https://dokuman.osym.gov.tr/pdfdokuman/2022/YKS/TSK/yks_2022_tyt.pdf,Üslü Sayılar,üs kuralları / katlanma,ortak tabana dönüştürme,soyut/yarı bağlamsal,tek temsilli,sözel metin,yorum/ilişki kurma,orta,orta,orta,orta,hayır,verileni ayır → uygun temsili kur → koşulu uygula → seçenek/sınırla kontrol et,seçenek eleme veya tersine çalışma; şekil sorusunda yardımcı çizgi/oran,toplamda üs birleştirme,toplamda üs birleştirme,kolay-orta,75,yüksek,13c8464e1b26,Baskın beceriye göre DRKOÇ editöryal sınıflandırması; soru metni yeniden yayımlanmamıştır.
2022,4,geçerli,https://dokuman.osym.gov.tr/pdfdokuman/2022/YKS/TSK/yks_2022_tyt.pdf,Rasyonel Sayılar,kesir / ondalık gösterim,eş değer gösterimleri dönüştürme,soyut/yarı bağlamsal,tek temsilli,sözel metin,yorum/ilişki kurma,düşük,orta,orta,orta,hayır,verileni ayır → uygun temsili kur → koşulu uygula → seçenek/sınırla kontrol et,seçenek eleme veya tersine çalışma; şekil sorusunda yardımcı çizgi/oran,payda ve işlem önceliği,payda ve işlem önceliği,kolay-orta,75,düşük,db57eb3f534a,Baskın beceriye göre DRKOÇ editöryal sınıflandırması; soru metni yeniden yayımlanmamıştır.
2022,5,geçerli,https://dokuman.osym.gov.tr/pdfdokuman/2022/YKS/TSK/yks_2022_tyt.pdf,Denklem Çözme,doğrusal veya ikinci derece ilişki,eşitliği koruyan dönüşüm,soyut/yarı bağlamsal,tek temsilli,sözel metin,yorum/ilişki kurma,orta,orta,orta,orta,hayır,verileni ayır → uygun temsili kur → koşulu uygula → seçenek/sınırla kontrol et,seçenek eleme veya tersine çalışma; şekil sorusunda yardımcı çizgi/oran,aday kökü kontrol etmeme,aday kökü kontrol etmeme,kolay-orta,75,düşük,c4b4688ce93b,Baskın beceriye göre DRKOÇ editöryal sınıflandırması; soru metni yeniden yayımlanmamıştır.
2022,6,geçerli,https://dokuman.osym.gov.tr/pdfdokuman/2022/YKS/TSK/yks_2022_tyt.pdf,Temel Kavramlar,sayı özelliği / yeni tanım,koşulu matematik diline çevirme,soyut/yarı bağlamsal,tek temsilli,sözel metin,yorum/ilişki kurma,düşük,orta,orta,orta,hayır,verileni ayır → uygun temsili kur → koşulu uygula → seçenek/sınırla kontrol et,seçenek eleme veya tersine çalışma; şekil sorusunda yardımcı çizgi/oran,örnek ve karşı örnek,örnek ve karşı örnek,kolay-orta,75,düşük,6edc1a24b9a4,Baskın beceriye göre DRKOÇ editöryal sınıflandırması; soru metni yeniden yayımlanmamıştır.
2022,7,geçerli,https://dokuman.osym.gov.tr/pdfdokuman/2022/YKS/TSK/yks_2022_tyt.pdf,Mutlak Değer,uzaklık ve parçalı koşul,mutlak değer denklemi kurma,soyut/yarı bağlamsal,tek temsilli,sözel metin,yorum/ilişki kurma,düşük,orta,orta,orta,hayır,verileni ayır → uygun temsili kur → koşulu uygula → seçenek/sınırla kontrol et,seçenek eleme veya tersine çalışma; şekil sorusunda yardımcı çizgi/oran,tek dal alma,tek dal alma,kolay-orta,75,düşük,891ddf8955c5,Baskın beceriye göre DRKOÇ editöryal sınıflandırması; soru metni yeniden yayımlanmamıştır.
2022,8,geçerli,https://dokuman.osym.gov.tr/pdfdokuman/2022/YKS/TSK/yks_2022_tyt.pdf,Temel Kavramlar,sayı özelliği / yeni tanım,koşulu matematik diline çevirme,soyut/yarı bağlamsal,tek temsilli,sözel metin,yorum/ilişki kurma,düşük,orta,orta,orta,hayır,verileni ayır → uygun temsili kur → koşulu uygula → seçenek/sınırla kontrol et,seçenek eleme veya tersine çalışma; şekil sorusunda yardımcı çizgi/oran,örnek ve karşı örnek,örnek ve karşı örnek,kolay-orta,75,düşük,9320d1e54e4f,Baskın beceriye göre DRKOÇ editöryal sınıflandırması; soru metni yeniden yayımlanmamıştır.
2022,9,geçerli,https://dokuman.osym.gov.tr/pdfdokuman/2022/YKS/TSK/yks_2022_tyt.pdf,Bölme ve Bölünebilme,bölüm-kalan / bölünebilme,kalan ilişkisi kurma,günlük yaşam,çok temsilli,sözel metin+günlük yaşam senaryosu,yorum/ilişki kurma,düşük,orta,yüksek,orta,evet,verileni ayır → uygun temsili kur → koşulu uygula → seçenek/sınırla kontrol et,seçenek eleme veya tersine çalışma; şekil sorusunda yardımcı çizgi/oran,kalan sınırı,kalan sınırı,orta,105,düşük,d7e83965cbc4,Baskın beceriye göre DRKOÇ editöryal sınıflandırması; soru metni yeniden yayımlanmamıştır.
2022,10,geçerli,https://dokuman.osym.gov.tr/pdfdokuman/2022/YKS/TSK/yks_2022_tyt.pdf,Kümeler,küme işlemleri / Kartezyen çarpım,üyelik ve bölgeleri sınıflandırma,soyut/yarı bağlamsal,tek temsilli,sözel metin,yorum/ilişki kurma,orta,orta,orta,orta,hayır,verileni ayır → uygun temsili kur → koşulu uygula → seçenek/sınırla kontrol et,seçenek eleme veya tersine çalışma; şekil sorusunda yardımcı çizgi/oran,kesişimi iki kez sayma,kesişimi iki kez sayma,kolay-orta,75,düşük,d3d64f95b576,Baskın beceriye göre DRKOÇ editöryal sınıflandırması; soru metni yeniden yayımlanmamıştır.
2022,11,geçerli,https://dokuman.osym.gov.tr/pdfdokuman/2022/YKS/TSK/yks_2022_tyt.pdf,Mantık,önerme / niceleyici / koşul,doğruluk ve koşul eleme,soyut/yarı bağlamsal,tek temsilli,sözel metin,yorum/ilişki kurma,düşük,orta,orta,orta,hayır,verileni ayır → uygun temsili kur → koşulu uygula → seçenek/sınırla kontrol et,seçenek eleme veya tersine çalışma; şekil sorusunda yardımcı çizgi/oran,ve ile veya bağlacını karıştırma,ve ile veya bağlacını karıştırma,kolay-orta,75,düşük,e4b7ee2fcae6,Baskın beceriye göre DRKOÇ editöryal sınıflandırması; soru metni yeniden yayımlanmamıştır.
2022,12,geçerli,https://dokuman.osym.gov.tr/pdfdokuman/2022/YKS/TSK/yks_2022_tyt.pdf,Fonksiyonlar,girdi-çıktı / grafik,temsil dönüşümü ve değer bulma,soyut/yarı bağlamsal,çok temsilli,sözel metin+grafik,doğrudan bilgi+uygulama,düşük,düşük,düşük,orta,evet,verileni ayır → uygun temsili kur → koşulu uygula → seçenek/sınırla kontrol et,seçenek eleme veya tersine çalışma; şekil sorusunda yardımcı çizgi/oran,tanım kümesi veya bileşke sırası,tanım kümesi veya bileşke sırası,kolay-orta,75,yüksek,6022955fce3b,Baskın beceriye göre DRKOÇ editöryal sınıflandırması; soru metni yeniden yayımlanmamıştır.
2022,13,geçerli,https://dokuman.osym.gov.tr/pdfdokuman/2022/YKS/TSK/yks_2022_tyt.pdf,Sayı Basamakları,rakam ve basamak koşulları,basamak çözümlemesi,soyut/yarı bağlamsal,tek temsilli,sözel metin,yorum/ilişki kurma,orta,orta,orta,orta,hayır,verileni ayır → uygun temsili kur → koşulu uygula → seçenek/sınırla kontrol et,seçenek eleme veya tersine çalışma; şekil sorusunda yardımcı çizgi/oran,baştaki sıfır veya farklı rakam koşulu,baştaki sıfır veya farklı rakam koşulu,kolay-orta,75,yüksek,8bad1360b814,Baskın beceriye göre DRKOÇ editöryal sınıflandırması; soru metni yeniden yayımlanmamıştır.
2022,14,geçerli,https://dokuman.osym.gov.tr/pdfdokuman/2022/YKS/TSK/yks_2022_tyt.pdf,Basit Eşitsizlikler,aralık / alt-üst sınır,çözüm kümesini bulma,soyut/yarı bağlamsal,tek temsilli,sözel metin,doğrudan bilgi+uygulama,orta,düşük,düşük,orta,hayır,verileni ayır → uygun temsili kur → koşulu uygula → seçenek/sınırla kontrol et,seçenek eleme veya tersine çalışma; şekil sorusunda yardımcı çizgi/oran,negatif sayıda yön değiştirme,negatif sayıda yön değiştirme,kolay-orta,75,düşük,e55d53be6b4c,Baskın beceriye göre DRKOÇ editöryal sınıflandırması; soru metni yeniden yayımlanmamıştır.
2022,15,geçerli,https://dokuman.osym.gov.tr/pdfdokuman/2022/YKS/TSK/yks_2022_tyt.pdf,Köklü Sayılar,ana kök / kök sadeleştirme,tam kare çarpan kullanma,soyut/yarı bağlamsal,tek temsilli,sözel metin,doğrudan bilgi+uygulama,orta,düşük,düşük,orta,hayır,verileni ayır → uygun temsili kur → koşulu uygula → seçenek/sınırla kontrol et,seçenek eleme veya tersine çalışma; şekil sorusunda yardımcı çizgi/oran,kökü toplam üzerine dağıtma,kökü toplam üzerine dağıtma,kolay-orta,75,düşük,cb4742fb8530,Baskın beceriye göre DRKOÇ editöryal sınıflandırması; soru metni yeniden yayımlanmamıştır.
2022,16,geçerli,https://dokuman.osym.gov.tr/pdfdokuman/2022/YKS/TSK/yks_2022_tyt.pdf,İstatistik ve Veri Analizi,tablo-grafik / merkez ölçüsü,veriyi temsil ve karşılaştırma,soyut/yarı bağlamsal,tek temsilli,sözel metin,yorum/ilişki kurma,orta,orta,orta,orta,hayır,verileni ayır → uygun temsili kur → koşulu uygula → seçenek/sınırla kontrol et,seçenek eleme veya tersine çalışma; şekil sorusunda yardımcı çizgi/oran,ölçek veya ağırlıklı ortalama,ölçek veya ağırlıklı ortalama,kolay-orta,75,yüksek,010a7348f0be,Baskın beceriye göre DRKOÇ editöryal sınıflandırması; soru metni yeniden yayımlanmamıştır.
2022,17,geçerli,https://dokuman.osym.gov.tr/pdfdokuman/2022/YKS/TSK/yks_2022_tyt.pdf,Problemler,çok adımlı günlük yaşam modeli,nicelik-birim-denklem kurma,soyut/yarı bağlamsal,tek temsilli,sözel metin,yorum/ilişki kurma,düşük,orta,orta,orta,hayır,verileni ayır → uygun temsili kur → koşulu uygula → seçenek/sınırla kontrol et,seçenek eleme veya tersine çalışma; şekil sorusunda yardımcı çizgi/oran,bağlam veya birim koşulu,bağlam veya birim koşulu,kolay-orta,75,orta,502790c35eeb,Baskın beceriye göre DRKOÇ editöryal sınıflandırması; soru metni yeniden yayımlanmamıştır.
2022,18,geçerli,https://dokuman.osym.gov.tr/pdfdokuman/2022/YKS/TSK/yks_2022_tyt.pdf,Problemler,çok adımlı günlük yaşam modeli,nicelik-birim-denklem kurma,günlük yaşam,çok temsilli,sözel metin+günlük yaşam senaryosu,yorum/ilişki kurma,orta,yüksek,yüksek,yüksek,evet,verileni ayır → uygun temsili kur → koşulu uygula → seçenek/sınırla kontrol et,seçenek eleme veya tersine çalışma; şekil sorusunda yardımcı çizgi/oran,bağlam veya birim koşulu,bağlam veya birim koşulu,zor,150,orta,31109c125392,Baskın beceriye göre DRKOÇ editöryal sınıflandırması; soru metni yeniden yayımlanmamıştır.
2022,19,geçerli,https://dokuman.osym.gov.tr/pdfdokuman/2022/YKS/TSK/yks_2022_tyt.pdf,Problemler,çok adımlı günlük yaşam modeli,nicelik-birim-denklem kurma,soyut/yarı bağlamsal,tek temsilli,sözel metin,yorum/ilişki kurma,orta,orta,orta,orta,hayır,verileni ayır → uygun temsili kur → koşulu uygula → seçenek/sınırla kontrol et,seçenek eleme veya tersine çalışma; şekil sorusunda yardımcı çizgi/oran,bağlam veya birim koşulu,bağlam veya birim koşulu,kolay-orta,75,orta,e830a4230798,Baskın beceriye göre DRKOÇ editöryal sınıflandırması; soru metni yeniden yayımlanmamıştır.
2022,20,geçerli,https://dokuman.osym.gov.tr/pdfdokuman/2022/YKS/TSK/yks_2022_tyt.pdf,Problemler,çok adımlı günlük yaşam modeli,nicelik-birim-denklem kurma,soyut/yarı bağlamsal,tek temsilli,sözel metin,yorum/ilişki kurma,düşük,orta,orta,orta,hayır,verileni ayır → uygun temsili kur → koşulu uygula → seçenek/sınırla kontrol et,seçenek eleme veya tersine çalışma; şekil sorusunda yardımcı çizgi/oran,bağlam veya birim koşulu,bağlam veya birim koşulu,kolay-orta,75,orta,0cd9b8408dd5,Baskın beceriye göre DRKOÇ editöryal sınıflandırması; soru metni yeniden yayımlanmamıştır.
2022,21,geçerli,https://dokuman.osym.gov.tr/pdfdokuman/2022/YKS/TSK/yks_2022_tyt.pdf,Problemler,çok adımlı günlük yaşam modeli,nicelik-birim-denklem kurma,günlük yaşam,çok temsilli,sözel metin+günlük yaşam senaryosu,yorum/ilişki kurma,düşük,orta,yüksek,orta,evet,verileni ayır → uygun temsili kur → koşulu uygula → seçenek/sınırla kontrol et,seçenek eleme veya tersine çalışma; şekil sorusunda yardımcı çizgi/oran,bağlam veya birim koşulu,bağlam veya birim koşulu,orta,105,orta,ac7ce6989715,Baskın beceriye göre DRKOÇ editöryal sınıflandırması; soru metni yeniden yayımlanmamıştır.
2022,22,geçerli,https://dokuman.osym.gov.tr/pdfdokuman/2022/YKS/TSK/yks_2022_tyt.pdf,Problemler,çok adımlı günlük yaşam modeli,nicelik-birim-denklem kurma,soyut/yarı bağlamsal,tek temsilli,sözel metin,yorum/ilişki kurma,orta,orta,orta,orta,hayır,verileni ayır → uygun temsili kur → koşulu uygula → seçenek/sınırla kontrol et,seçenek eleme veya tersine çalışma; şekil sorusunda yardımcı çizgi/oran,bağlam veya birim koşulu,bağlam veya birim koşulu,kolay-orta,75,orta,56ee16345fa9,Baskın beceriye göre DRKOÇ editöryal sınıflandırması; soru metni yeniden yayımlanmamıştır.
2022,23,geçerli,https://dokuman.osym.gov.tr/pdfdokuman/2022/YKS/TSK/yks_2022_tyt.pdf,Problemler,çok adımlı günlük yaşam modeli,nicelik-birim-denklem kurma,günlük yaşam,çok temsilli,sözel metin+grafik+günlük yaşam senaryosu,yorum/ilişki kurma,düşük,orta,yüksek,orta,evet,verileni ayır → uygun temsili kur → koşulu uygula → seçenek/sınırla kontrol et,seçenek eleme veya tersine çalışma; şekil sorusunda yardımcı çizgi/oran,bağlam veya birim koşulu,bağlam veya birim koşulu,orta,105,orta,5717f3824b8a,Baskın beceriye göre DRKOÇ editöryal sınıflandırması; soru metni yeniden yayımlanmamıştır.
2022,24,geçerli,https://dokuman.osym.gov.tr/pdfdokuman/2022/YKS/TSK/yks_2022_tyt.pdf,Problemler,çok adımlı günlük yaşam modeli,nicelik-birim-denklem kurma,soyut/yarı bağlamsal,tek temsilli,sözel metin,yorum/ilişki kurma,orta,orta,orta,orta,hayır,verileni ayır → uygun temsili kur → koşulu uygula → seçenek/sınırla kontrol et,seçenek eleme veya tersine çalışma; şekil sorusunda yardımcı çizgi/oran,bağlam veya birim koşulu,bağlam veya birim koşulu,kolay-orta,75,orta,06374bf0f8a6,Baskın beceriye göre DRKOÇ editöryal sınıflandırması; soru metni yeniden yayımlanmamıştır.
2022,25,geçerli,https://dokuman.osym.gov.tr/pdfdokuman/2022/YKS/TSK/yks_2022_tyt.pdf,Problemler,çok adımlı günlük yaşam modeli,nicelik-birim-denklem kurma,soyut/yarı bağlamsal,tek temsilli,sözel metin,yorum/ilişki kurma,orta,orta,orta,orta,hayır,verileni ayır → uygun temsili kur → koşulu uygula → seçenek/sınırla kontrol et,seçenek eleme veya tersine çalışma; şekil sorusunda yardımcı çizgi/oran,bağlam veya birim koşulu,bağlam veya birim koşulu,kolay-orta,75,orta,599c4e134b45,Baskın beceriye göre DRKOÇ editöryal sınıflandırması; soru metni yeniden yayımlanmamıştır.
2022,26,geçerli,https://dokuman.osym.gov.tr/pdfdokuman/2022/YKS/TSK/yks_2022_tyt.pdf,Problemler,çok adımlı günlük yaşam modeli,nicelik-birim-denklem kurma,günlük yaşam,çok temsilli,sözel metin+günlük yaşam senaryosu,yorum/ilişki kurma,düşük,yüksek,yüksek,yüksek,evet,verileni ayır → uygun temsili kur → koşulu uygula → seçenek/sınırla kontrol et,seçenek eleme veya tersine çalışma; şekil sorusunda yardımcı çizgi/oran,bağlam veya birim koşulu,bağlam veya birim koşulu,orta,105,orta,b21934f32f77,Baskın beceriye göre DRKOÇ editöryal sınıflandırması; soru metni yeniden yayımlanmamıştır.
2022,27,geçerli,https://dokuman.osym.gov.tr/pdfdokuman/2022/YKS/TSK/yks_2022_tyt.pdf,Problemler,çok adımlı günlük yaşam modeli,nicelik-birim-denklem kurma,soyut/yarı bağlamsal,tek temsilli,sözel metin,yorum/ilişki kurma,düşük,orta,orta,orta,hayır,verileni ayır → uygun temsili kur → koşulu uygula → seçenek/sınırla kontrol et,seçenek eleme veya tersine çalışma; şekil sorusunda yardımcı çizgi/oran,bağlam veya birim koşulu,bağlam veya birim koşulu,kolay-orta,75,orta,fc1228abc0b2,Baskın beceriye göre DRKOÇ editöryal sınıflandırması; soru metni yeniden yayımlanmamıştır.
2022,28,geçerli,https://dokuman.osym.gov.tr/pdfdokuman/2022/YKS/TSK/yks_2022_tyt.pdf,Problemler,çok adımlı günlük yaşam modeli,nicelik-birim-denklem kurma,soyut/yarı bağlamsal,tek temsilli,sözel metin,yorum/ilişki kurma,düşük,orta,orta,orta,hayır,verileni ayır → uygun temsili kur → koşulu uygula → seçenek/sınırla kontrol et,seçenek eleme veya tersine çalışma; şekil sorusunda yardımcı çizgi/oran,bağlam veya birim koşulu,bağlam veya birim koşulu,kolay-orta,75,orta,568893994890,Baskın beceriye göre DRKOÇ editöryal sınıflandırması; soru metni yeniden yayımlanmamıştır.
2022,29,geçerli,https://dokuman.osym.gov.tr/pdfdokuman/2022/YKS/TSK/yks_2022_tyt.pdf,Problemler,çok adımlı günlük yaşam modeli,nicelik-birim-denklem kurma,soyut/yarı bağlamsal,tek temsilli,sözel metin,yorum/ilişki kurma,düşük,orta,orta,orta,hayır,verileni ayır → uygun temsili kur → koşulu uygula → seçenek/sınırla kontrol et,seçenek eleme veya tersine çalışma; şekil sorusunda yardımcı çizgi/oran,bağlam veya birim koşulu,bağlam veya birim koşulu,kolay-orta,75,orta,3135f5789e52,Baskın beceriye göre DRKOÇ editöryal sınıflandırması; soru metni yeniden yayımlanmamıştır.
2022,30,geçerli,https://dokuman.osym.gov.tr/pdfdokuman/2022/YKS/TSK/yks_2022_tyt.pdf,Olasılık,örnek uzay / olay,istenen ve tüm durumları sayma,soyut/yarı bağlamsal,tek temsilli,sözel metin,yorum/ilişki kurma,düşük,orta,orta,orta,hayır,verileni ayır → uygun temsili kur → koşulu uygula → seçenek/sınırla kontrol et,seçenek eleme veya tersine çalışma; şekil sorusunda yardımcı çizgi/oran,eş olasılık veya tümleyen,eş olasılık veya tümleyen,kolay-orta,75,düşük,01c491c47be4,Baskın beceriye göre DRKOÇ editöryal sınıflandırması; soru metni yeniden yayımlanmamıştır.
2022,31,geçerli,https://dokuman.osym.gov.tr/pdfdokuman/2022/YKS/TSK/yks_2022_tyt.pdf,Açılar ve Üçgenler,açı-kenar / özel üçgen,şekilden zorunlu ilişki çıkarma,geometrik düzenek,çok temsilli,sözel metin+şekil,yorum/ilişki kurma,orta,düşük,düşük,orta,evet,verileni ayır → uygun temsili kur → koşulu uygula → seçenek/sınırla kontrol et,seçenek eleme veya tersine çalışma; şekil sorusunda yardımcı çizgi/oran,ölçeksiz şekilden varsayım,ölçeksiz şekilden varsayım,kolay-orta,75,orta,258c713613c1,Baskın beceriye göre DRKOÇ editöryal sınıflandırması; soru metni yeniden yayımlanmamıştır.
2022,32,geçerli,https://dokuman.osym.gov.tr/pdfdokuman/2022/YKS/TSK/yks_2022_tyt.pdf,Açılar ve Üçgenler,açı-kenar / özel üçgen,şekilden zorunlu ilişki çıkarma,geometrik düzenek,çok temsilli,sözel metin+şekil+günlük yaşam senaryosu,yorum/ilişki kurma,düşük,orta,yüksek,orta,evet,verileni ayır → uygun temsili kur → koşulu uygula → seçenek/sınırla kontrol et,seçenek eleme veya tersine çalışma; şekil sorusunda yardımcı çizgi/oran,ölçeksiz şekilden varsayım,ölçeksiz şekilden varsayım,orta,105,orta,e9dae933654e,Baskın beceriye göre DRKOÇ editöryal sınıflandırması; soru metni yeniden yayımlanmamıştır.
2022,33,geçerli,https://dokuman.osym.gov.tr/pdfdokuman/2022/YKS/TSK/yks_2022_tyt.pdf,Açılar ve Üçgenler,açı-kenar / özel üçgen,şekilden zorunlu ilişki çıkarma,geometrik düzenek,çok temsilli,sözel metin+şekil,yorum/ilişki kurma,düşük,orta,orta,orta,evet,verileni ayır → uygun temsili kur → koşulu uygula → seçenek/sınırla kontrol et,seçenek eleme veya tersine çalışma; şekil sorusunda yardımcı çizgi/oran,ölçeksiz şekilden varsayım,ölçeksiz şekilden varsayım,kolay-orta,75,orta,cd9b67ded8c7,Baskın beceriye göre DRKOÇ editöryal sınıflandırması; soru metni yeniden yayımlanmamıştır.
2022,34,geçerli,https://dokuman.osym.gov.tr/pdfdokuman/2022/YKS/TSK/yks_2022_tyt.pdf,Açılar ve Üçgenler,açı-kenar / özel üçgen,şekilden zorunlu ilişki çıkarma,geometrik düzenek,çok temsilli,sözel metin+şekil,yorum/ilişki kurma,orta,orta,orta,orta,evet,verileni ayır → uygun temsili kur → koşulu uygula → seçenek/sınırla kontrol et,seçenek eleme veya tersine çalışma; şekil sorusunda yardımcı çizgi/oran,ölçeksiz şekilden varsayım,ölçeksiz şekilden varsayım,kolay-orta,75,orta,f6cc24fcd75b,Baskın beceriye göre DRKOÇ editöryal sınıflandırması; soru metni yeniden yayımlanmamıştır.
2022,35,geçerli,https://dokuman.osym.gov.tr/pdfdokuman/2022/YKS/TSK/yks_2022_tyt.pdf,Dörtgenler,kare-dikdörtgen-yamuk,parçalara ayırma ve alan/oran,geometrik düzenek,çok temsilli,sözel metin+şekil,yorum/ilişki kurma,orta,orta,orta,orta,evet,verileni ayır → uygun temsili kur → koşulu uygula → seçenek/sınırla kontrol et,seçenek eleme veya tersine çalışma; şekil sorusunda yardımcı çizgi/oran,özel dörtgen koşulu,özel dörtgen koşulu,kolay-orta,75,orta,654ecdf008d8,Baskın beceriye göre DRKOÇ editöryal sınıflandırması; soru metni yeniden yayımlanmamıştır.
2022,36,geçerli,https://dokuman.osym.gov.tr/pdfdokuman/2022/YKS/TSK/yks_2022_tyt.pdf,Dörtgenler,kare-dikdörtgen-yamuk,parçalara ayırma ve alan/oran,geometrik düzenek,çok temsilli,sözel metin+şekil,yorum/ilişki kurma,orta,orta,orta,orta,evet,verileni ayır → uygun temsili kur → koşulu uygula → seçenek/sınırla kontrol et,seçenek eleme veya tersine çalışma; şekil sorusunda yardımcı çizgi/oran,özel dörtgen koşulu,özel dörtgen koşulu,kolay-orta,75,orta,800cd2453ed5,Baskın beceriye göre DRKOÇ editöryal sınıflandırması; soru metni yeniden yayımlanmamıştır.
2022,37,geçerli,https://dokuman.osym.gov.tr/pdfdokuman/2022/YKS/TSK/yks_2022_tyt.pdf,Çokgenler,iç-dış açı / düzgün çokgen,üçgenlere ayırma,geometrik düzenek,çok temsilli,sözel metin+şekil,yorum/ilişki kurma,orta,yüksek,orta,yüksek,evet,verileni ayır → uygun temsili kur → koşulu uygula → seçenek/sınırla kontrol et,seçenek eleme veya tersine çalışma; şekil sorusunda yardımcı çizgi/oran,iç ve dış açıyı karıştırma,iç ve dış açıyı karıştırma,zor,150,orta,704785a394d8,Baskın beceriye göre DRKOÇ editöryal sınıflandırması; soru metni yeniden yayımlanmamıştır.
2022,38,geçerli,https://dokuman.osym.gov.tr/pdfdokuman/2022/YKS/TSK/yks_2022_tyt.pdf,Analitik Geometri,nokta-doğru / eğim-uzaklık,geometriyi koordinata çevirme,geometrik düzenek,çok temsilli,sözel metin+şekil,yorum/ilişki kurma,orta,orta,orta,orta,evet,verileni ayır → uygun temsili kur → koşulu uygula → seçenek/sınırla kontrol et,seçenek eleme veya tersine çalışma; şekil sorusunda yardımcı çizgi/oran,koordinat veya eğim işareti,koordinat veya eğim işareti,kolay-orta,75,orta,12200e85223f,Baskın beceriye göre DRKOÇ editöryal sınıflandırması; soru metni yeniden yayımlanmamıştır.
2022,39,geçerli,https://dokuman.osym.gov.tr/pdfdokuman/2022/YKS/TSK/yks_2022_tyt.pdf,Katı Cisimler,yüzey / hacim / açınım,üç boyutlu modeli parçalama,geometrik düzenek,çok temsilli,sözel metin+şekil,yorum/ilişki kurma,orta,orta,orta,orta,evet,verileni ayır → uygun temsili kur → koşulu uygula → seçenek/sınırla kontrol et,seçenek eleme veya tersine çalışma; şekil sorusunda yardımcı çizgi/oran,alan-hacim ve birim ayrımı,alan-hacim ve birim ayrımı,kolay-orta,75,orta,f63309289239,Baskın beceriye göre DRKOÇ editöryal sınıflandırması; soru metni yeniden yayımlanmamıştır.
2022,40,geçerli,https://dokuman.osym.gov.tr/pdfdokuman/2022/YKS/TSK/yks_2022_tyt.pdf,Katı Cisimler,yüzey / hacim / açınım,üç boyutlu modeli parçalama,geometrik düzenek,tek temsilli,şekil,yorum/ilişki kurma,düşük,düşük,düşük,orta,hayır,verileni ayır → uygun temsili kur → koşulu uygula → seçenek/sınırla kontrol et,seçenek eleme veya tersine çalışma; şekil sorusunda yardımcı çizgi/oran,alan-hacim ve birim ayrımı,alan-hacim ve birim ayrımı,kolay-orta,75,düşük,metin-cikmadi,Baskın beceriye göre DRKOÇ editöryal sınıflandırması; soru metni yeniden yayımlanmamıştır.
2023,1,geçerli,https://dokuman.osym.gov.tr/pdfdokuman/2023/YKS/TSK/yks_tyt_2023_kitapcik_T23ky.pdf,Rasyonel Sayılar,kesir / ondalık gösterim,eş değer gösterimleri dönüştürme,soyut/yarı bağlamsal,çok temsilli,sözel metin+tablo,doğrudan bilgi+uygulama,orta,düşük,düşük,orta,evet,verileni ayır → uygun temsili kur → koşulu uygula → seçenek/sınırla kontrol et,seçenek eleme veya tersine çalışma; şekil sorusunda yardımcı çizgi/oran,payda ve işlem önceliği,payda ve işlem önceliği,kolay-orta,75,düşük,c53b3baed2a1,Baskın beceriye göre DRKOÇ editöryal sınıflandırması; soru metni yeniden yayımlanmamıştır.
2023,2,geçerli,https://dokuman.osym.gov.tr/pdfdokuman/2023/YKS/TSK/yks_tyt_2023_kitapcik_T23ky.pdf,Üslü Sayılar,üs kuralları / katlanma,ortak tabana dönüştürme,soyut/yarı bağlamsal,tek temsilli,sözel metin,yorum/ilişki kurma,orta,orta,orta,orta,hayır,verileni ayır → uygun temsili kur → koşulu uygula → seçenek/sınırla kontrol et,seçenek eleme veya tersine çalışma; şekil sorusunda yardımcı çizgi/oran,toplamda üs birleştirme,toplamda üs birleştirme,kolay-orta,75,düşük,0b4acac4e863,Baskın beceriye göre DRKOÇ editöryal sınıflandırması; soru metni yeniden yayımlanmamıştır.
2023,3,geçerli,https://dokuman.osym.gov.tr/pdfdokuman/2023/YKS/TSK/yks_tyt_2023_kitapcik_T23ky.pdf,Oran - Orantı,oran / ölçek / birlikte değişim,birim oran kurma,soyut/yarı bağlamsal,tek temsilli,sözel metin,yorum/ilişki kurma,orta,orta,orta,orta,hayır,verileni ayır → uygun temsili kur → koşulu uygula → seçenek/sınırla kontrol et,seçenek eleme veya tersine çalışma; şekil sorusunda yardımcı çizgi/oran,oran sırası ve birim,oran sırası ve birim,kolay-orta,75,orta,a1df5a25037e,Baskın beceriye göre DRKOÇ editöryal sınıflandırması; soru metni yeniden yayımlanmamıştır.
2023,4,geçerli,https://dokuman.osym.gov.tr/pdfdokuman/2023/YKS/TSK/yks_tyt_2023_kitapcik_T23ky.pdf,Rasyonel Sayılar,kesir / ondalık gösterim,eş değer gösterimleri dönüştürme,soyut/yarı bağlamsal,tek temsilli,sözel metin,doğrudan bilgi+uygulama,orta,düşük,düşük,orta,hayır,verileni ayır → uygun temsili kur → koşulu uygula → seçenek/sınırla kontrol et,seçenek eleme veya tersine çalışma; şekil sorusunda yardımcı çizgi/oran,payda ve işlem önceliği,payda ve işlem önceliği,kolay-orta,75,düşük,fda373caae3d,Baskın beceriye göre DRKOÇ editöryal sınıflandırması; soru metni yeniden yayımlanmamıştır.
2023,5,geçerli,https://dokuman.osym.gov.tr/pdfdokuman/2023/YKS/TSK/yks_tyt_2023_kitapcik_T23ky.pdf,Denklem Çözme,doğrusal veya ikinci derece ilişki,eşitliği koruyan dönüşüm,soyut/yarı bağlamsal,tek temsilli,sözel metin,doğrudan bilgi+uygulama,düşük,düşük,düşük,orta,hayır,verileni ayır → uygun temsili kur → koşulu uygula → seçenek/sınırla kontrol et,seçenek eleme veya tersine çalışma; şekil sorusunda yardımcı çizgi/oran,aday kökü kontrol etmeme,aday kökü kontrol etmeme,kolay-orta,75,düşük,324b5313e9e9,Baskın beceriye göre DRKOÇ editöryal sınıflandırması; soru metni yeniden yayımlanmamıştır.
2023,6,geçerli,https://dokuman.osym.gov.tr/pdfdokuman/2023/YKS/TSK/yks_tyt_2023_kitapcik_T23ky.pdf,Temel Kavramlar,sayı özelliği / yeni tanım,koşulu matematik diline çevirme,soyut/yarı bağlamsal,tek temsilli,sözel metin,doğrudan bilgi+uygulama,düşük,düşük,düşük,orta,hayır,verileni ayır → uygun temsili kur → koşulu uygula → seçenek/sınırla kontrol et,seçenek eleme veya tersine çalışma; şekil sorusunda yardımcı çizgi/oran,örnek ve karşı örnek,örnek ve karşı örnek,kolay-orta,75,düşük,b0ee918df511,Baskın beceriye göre DRKOÇ editöryal sınıflandırması; soru metni yeniden yayımlanmamıştır.
2023,7,geçerli,https://dokuman.osym.gov.tr/pdfdokuman/2023/YKS/TSK/yks_tyt_2023_kitapcik_T23ky.pdf,Mutlak Değer,uzaklık ve parçalı koşul,mutlak değer denklemi kurma,soyut/yarı bağlamsal,tek temsilli,sözel metin,yorum/ilişki kurma,düşük,yüksek,orta,orta,hayır,verileni ayır → uygun temsili kur → koşulu uygula → seçenek/sınırla kontrol et,seçenek eleme veya tersine çalışma; şekil sorusunda yardımcı çizgi/oran,tek dal alma,tek dal alma,kolay-orta,75,düşük,ed373a0a8bf1,Baskın beceriye göre DRKOÇ editöryal sınıflandırması; soru metni yeniden yayımlanmamıştır.
2023,8,geçerli,https://dokuman.osym.gov.tr/pdfdokuman/2023/YKS/TSK/yks_tyt_2023_kitapcik_T23ky.pdf,Temel Kavramlar,sayı özelliği / yeni tanım,koşulu matematik diline çevirme,soyut/yarı bağlamsal,tek temsilli,sözel metin,yorum/ilişki kurma,düşük,yüksek,orta,orta,hayır,verileni ayır → uygun temsili kur → koşulu uygula → seçenek/sınırla kontrol et,seçenek eleme veya tersine çalışma; şekil sorusunda yardımcı çizgi/oran,örnek ve karşı örnek,örnek ve karşı örnek,kolay-orta,75,düşük,b1a77ccfc307,Baskın beceriye göre DRKOÇ editöryal sınıflandırması; soru metni yeniden yayımlanmamıştır.
2023,9,geçerli,https://dokuman.osym.gov.tr/pdfdokuman/2023/YKS/TSK/yks_tyt_2023_kitapcik_T23ky.pdf,Bölme ve Bölünebilme,bölüm-kalan / bölünebilme,kalan ilişkisi kurma,günlük yaşam,çok temsilli,sözel metin+günlük yaşam senaryosu,yorum/ilişki kurma,orta,orta,yüksek,orta,evet,verileni ayır → uygun temsili kur → koşulu uygula → seçenek/sınırla kontrol et,seçenek eleme veya tersine çalışma; şekil sorusunda yardımcı çizgi/oran,kalan sınırı,kalan sınırı,orta,105,düşük,9302e22bfa7a,Baskın beceriye göre DRKOÇ editöryal sınıflandırması; soru metni yeniden yayımlanmamıştır.
2023,10,geçerli,https://dokuman.osym.gov.tr/pdfdokuman/2023/YKS/TSK/yks_tyt_2023_kitapcik_T23ky.pdf,Kümeler,küme işlemleri / Kartezyen çarpım,üyelik ve bölgeleri sınıflandırma,soyut/yarı bağlamsal,tek temsilli,sözel metin,yorum/ilişki kurma,düşük,orta,orta,orta,hayır,verileni ayır → uygun temsili kur → koşulu uygula → seçenek/sınırla kontrol et,seçenek eleme veya tersine çalışma; şekil sorusunda yardımcı çizgi/oran,kesişimi iki kez sayma,kesişimi iki kez sayma,kolay-orta,75,düşük,72d696d45869,Baskın beceriye göre DRKOÇ editöryal sınıflandırması; soru metni yeniden yayımlanmamıştır.
2023,11,geçerli,https://dokuman.osym.gov.tr/pdfdokuman/2023/YKS/TSK/yks_tyt_2023_kitapcik_T23ky.pdf,Mantık,önerme / niceleyici / koşul,doğruluk ve koşul eleme,soyut/yarı bağlamsal,tek temsilli,sözel metin,yorum/ilişki kurma,düşük,yüksek,orta,orta,hayır,verileni ayır → uygun temsili kur → koşulu uygula → seçenek/sınırla kontrol et,seçenek eleme veya tersine çalışma; şekil sorusunda yardımcı çizgi/oran,ve ile veya bağlacını karıştırma,ve ile veya bağlacını karıştırma,kolay-orta,75,düşük,8cfaca5c500b,Baskın beceriye göre DRKOÇ editöryal sınıflandırması; soru metni yeniden yayımlanmamıştır.
2023,12,geçerli,https://dokuman.osym.gov.tr/pdfdokuman/2023/YKS/TSK/yks_tyt_2023_kitapcik_T23ky.pdf,Fonksiyonlar,girdi-çıktı / grafik,temsil dönüşümü ve değer bulma,soyut/yarı bağlamsal,tek temsilli,sözel metin,doğrudan bilgi+uygulama,düşük,düşük,düşük,orta,hayır,verileni ayır → uygun temsili kur → koşulu uygula → seçenek/sınırla kontrol et,seçenek eleme veya tersine çalışma; şekil sorusunda yardımcı çizgi/oran,tanım kümesi veya bileşke sırası,tanım kümesi veya bileşke sırası,kolay-orta,75,yüksek,4ac7e01d4f1c,Baskın beceriye göre DRKOÇ editöryal sınıflandırması; soru metni yeniden yayımlanmamıştır.
2023,13,geçerli,https://dokuman.osym.gov.tr/pdfdokuman/2023/YKS/TSK/yks_tyt_2023_kitapcik_T23ky.pdf,Sayı Basamakları,rakam ve basamak koşulları,basamak çözümlemesi,soyut/yarı bağlamsal,tek temsilli,sözel metin,doğrudan bilgi+uygulama,orta,düşük,düşük,orta,hayır,verileni ayır → uygun temsili kur → koşulu uygula → seçenek/sınırla kontrol et,seçenek eleme veya tersine çalışma; şekil sorusunda yardımcı çizgi/oran,baştaki sıfır veya farklı rakam koşulu,baştaki sıfır veya farklı rakam koşulu,kolay-orta,75,yüksek,76d31ae18a3e,Baskın beceriye göre DRKOÇ editöryal sınıflandırması; soru metni yeniden yayımlanmamıştır.
2023,14,geçerli,https://dokuman.osym.gov.tr/pdfdokuman/2023/YKS/TSK/yks_tyt_2023_kitapcik_T23ky.pdf,Sayma,çarpma ilkesi / seçim-sıralama,durumları eksiksiz sayma,soyut/yarı bağlamsal,tek temsilli,sözel metin,doğrudan bilgi+uygulama,orta,düşük,düşük,orta,hayır,verileni ayır → uygun temsili kur → koşulu uygula → seçenek/sınırla kontrol et,seçenek eleme veya tersine çalışma; şekil sorusunda yardımcı çizgi/oran,sıra veya tekrar koşulu,sıra veya tekrar koşulu,kolay-orta,75,düşük,66deb327ff55,Baskın beceriye göre DRKOÇ editöryal sınıflandırması; soru metni yeniden yayımlanmamıştır.
2023,15,geçerli,https://dokuman.osym.gov.tr/pdfdokuman/2023/YKS/TSK/yks_tyt_2023_kitapcik_T23ky.pdf,Basit Eşitsizlikler,aralık / alt-üst sınır,çözüm kümesini bulma,soyut/yarı bağlamsal,tek temsilli,sözel metin,yorum/ilişki kurma,orta,orta,orta,orta,hayır,verileni ayır → uygun temsili kur → koşulu uygula → seçenek/sınırla kontrol et,seçenek eleme veya tersine çalışma; şekil sorusunda yardımcı çizgi/oran,negatif sayıda yön değiştirme,negatif sayıda yön değiştirme,kolay-orta,75,düşük,17fc9ee2306c,Baskın beceriye göre DRKOÇ editöryal sınıflandırması; soru metni yeniden yayımlanmamıştır.
2023,16,geçerli,https://dokuman.osym.gov.tr/pdfdokuman/2023/YKS/TSK/yks_tyt_2023_kitapcik_T23ky.pdf,İstatistik ve Veri Analizi,tablo-grafik / merkez ölçüsü,veriyi temsil ve karşılaştırma,soyut/yarı bağlamsal,tek temsilli,sözel metin,yorum/ilişki kurma,orta,yüksek,orta,orta,hayır,verileni ayır → uygun temsili kur → koşulu uygula → seçenek/sınırla kontrol et,seçenek eleme veya tersine çalışma; şekil sorusunda yardımcı çizgi/oran,ölçek veya ağırlıklı ortalama,ölçek veya ağırlıklı ortalama,kolay-orta,75,yüksek,d8858ba738f0,Baskın beceriye göre DRKOÇ editöryal sınıflandırması; soru metni yeniden yayımlanmamıştır.
2023,17,geçerli,https://dokuman.osym.gov.tr/pdfdokuman/2023/YKS/TSK/yks_tyt_2023_kitapcik_T23ky.pdf,Problemler,çok adımlı günlük yaşam modeli,nicelik-birim-denklem kurma,soyut/yarı bağlamsal,tek temsilli,sözel metin,yorum/ilişki kurma,orta,orta,orta,orta,hayır,verileni ayır → uygun temsili kur → koşulu uygula → seçenek/sınırla kontrol et,seçenek eleme veya tersine çalışma; şekil sorusunda yardımcı çizgi/oran,bağlam veya birim koşulu,bağlam veya birim koşulu,kolay-orta,75,orta,ca2f8b11a06a,Baskın beceriye göre DRKOÇ editöryal sınıflandırması; soru metni yeniden yayımlanmamıştır.
2023,18,geçerli,https://dokuman.osym.gov.tr/pdfdokuman/2023/YKS/TSK/yks_tyt_2023_kitapcik_T23ky.pdf,Problemler,çok adımlı günlük yaşam modeli,nicelik-birim-denklem kurma,soyut/yarı bağlamsal,tek temsilli,sözel metin,yorum/ilişki kurma,orta,orta,orta,orta,hayır,verileni ayır → uygun temsili kur → koşulu uygula → seçenek/sınırla kontrol et,seçenek eleme veya tersine çalışma; şekil sorusunda yardımcı çizgi/oran,bağlam veya birim koşulu,bağlam veya birim koşulu,kolay-orta,75,orta,d473c595e7ee,Baskın beceriye göre DRKOÇ editöryal sınıflandırması; soru metni yeniden yayımlanmamıştır.
2023,19,geçerli,https://dokuman.osym.gov.tr/pdfdokuman/2023/YKS/TSK/yks_tyt_2023_kitapcik_T23ky.pdf,Problemler,çok adımlı günlük yaşam modeli,nicelik-birim-denklem kurma,soyut/yarı bağlamsal,tek temsilli,sözel metin,yorum/ilişki kurma,düşük,yüksek,orta,orta,hayır,verileni ayır → uygun temsili kur → koşulu uygula → seçenek/sınırla kontrol et,seçenek eleme veya tersine çalışma; şekil sorusunda yardımcı çizgi/oran,bağlam veya birim koşulu,bağlam veya birim koşulu,kolay-orta,75,orta,104bd2f914e9,Baskın beceriye göre DRKOÇ editöryal sınıflandırması; soru metni yeniden yayımlanmamıştır.
2023,20,geçerli,https://dokuman.osym.gov.tr/pdfdokuman/2023/YKS/TSK/yks_tyt_2023_kitapcik_T23ky.pdf,Problemler,çok adımlı günlük yaşam modeli,nicelik-birim-denklem kurma,soyut/yarı bağlamsal,tek temsilli,sözel metin,yorum/ilişki kurma,orta,orta,orta,orta,hayır,verileni ayır → uygun temsili kur → koşulu uygula → seçenek/sınırla kontrol et,seçenek eleme veya tersine çalışma; şekil sorusunda yardımcı çizgi/oran,bağlam veya birim koşulu,bağlam veya birim koşulu,kolay-orta,75,orta,3e691621e64f,Baskın beceriye göre DRKOÇ editöryal sınıflandırması; soru metni yeniden yayımlanmamıştır.
2023,21,geçerli,https://dokuman.osym.gov.tr/pdfdokuman/2023/YKS/TSK/yks_tyt_2023_kitapcik_T23ky.pdf,Problemler,çok adımlı günlük yaşam modeli,nicelik-birim-denklem kurma,soyut/yarı bağlamsal,tek temsilli,sözel metin,yorum/ilişki kurma,orta,yüksek,orta,orta,hayır,verileni ayır → uygun temsili kur → koşulu uygula → seçenek/sınırla kontrol et,seçenek eleme veya tersine çalışma; şekil sorusunda yardımcı çizgi/oran,bağlam veya birim koşulu,bağlam veya birim koşulu,kolay-orta,75,orta,a28dc0c6a8f0,Baskın beceriye göre DRKOÇ editöryal sınıflandırması; soru metni yeniden yayımlanmamıştır.
2023,22,geçerli,https://dokuman.osym.gov.tr/pdfdokuman/2023/YKS/TSK/yks_tyt_2023_kitapcik_T23ky.pdf,Problemler,çok adımlı günlük yaşam modeli,nicelik-birim-denklem kurma,günlük yaşam,çok temsilli,sözel metin+günlük yaşam senaryosu,yorum/ilişki kurma,orta,orta,yüksek,orta,evet,verileni ayır → uygun temsili kur → koşulu uygula → seçenek/sınırla kontrol et,seçenek eleme veya tersine çalışma; şekil sorusunda yardımcı çizgi/oran,bağlam veya birim koşulu,bağlam veya birim koşulu,orta,105,orta,4d6f6d17e21c,Baskın beceriye göre DRKOÇ editöryal sınıflandırması; soru metni yeniden yayımlanmamıştır.
2023,23,geçerli,https://dokuman.osym.gov.tr/pdfdokuman/2023/YKS/TSK/yks_tyt_2023_kitapcik_T23ky.pdf,Problemler,çok adımlı günlük yaşam modeli,nicelik-birim-denklem kurma,günlük yaşam,çok temsilli,sözel metin+tablo+günlük yaşam senaryosu,yorum/ilişki kurma,orta,orta,yüksek,orta,evet,verileni ayır → uygun temsili kur → koşulu uygula → seçenek/sınırla kontrol et,seçenek eleme veya tersine çalışma; şekil sorusunda yardımcı çizgi/oran,bağlam veya birim koşulu,bağlam veya birim koşulu,orta,105,orta,2c602171cb81,Baskın beceriye göre DRKOÇ editöryal sınıflandırması; soru metni yeniden yayımlanmamıştır.
2023,24,geçerli,https://dokuman.osym.gov.tr/pdfdokuman/2023/YKS/TSK/yks_tyt_2023_kitapcik_T23ky.pdf,Problemler,çok adımlı günlük yaşam modeli,nicelik-birim-denklem kurma,soyut/yarı bağlamsal,tek temsilli,sözel metin,yorum/ilişki kurma,düşük,orta,orta,orta,hayır,verileni ayır → uygun temsili kur → koşulu uygula → seçenek/sınırla kontrol et,seçenek eleme veya tersine çalışma; şekil sorusunda yardımcı çizgi/oran,bağlam veya birim koşulu,bağlam veya birim koşulu,kolay-orta,75,orta,a2fbf1ea1e3e,Baskın beceriye göre DRKOÇ editöryal sınıflandırması; soru metni yeniden yayımlanmamıştır.
2023,25,geçerli,https://dokuman.osym.gov.tr/pdfdokuman/2023/YKS/TSK/yks_tyt_2023_kitapcik_T23ky.pdf,Problemler,çok adımlı günlük yaşam modeli,nicelik-birim-denklem kurma,soyut/yarı bağlamsal,tek temsilli,sözel metin,yorum/ilişki kurma,orta,orta,orta,orta,hayır,verileni ayır → uygun temsili kur → koşulu uygula → seçenek/sınırla kontrol et,seçenek eleme veya tersine çalışma; şekil sorusunda yardımcı çizgi/oran,bağlam veya birim koşulu,bağlam veya birim koşulu,kolay-orta,75,orta,ccb63b6cdc3b,Baskın beceriye göre DRKOÇ editöryal sınıflandırması; soru metni yeniden yayımlanmamıştır.
2023,26,geçerli,https://dokuman.osym.gov.tr/pdfdokuman/2023/YKS/TSK/yks_tyt_2023_kitapcik_T23ky.pdf,Problemler,çok adımlı günlük yaşam modeli,nicelik-birim-denklem kurma,soyut/yarı bağlamsal,tek temsilli,sözel metin,yorum/ilişki kurma,orta,orta,orta,orta,hayır,verileni ayır → uygun temsili kur → koşulu uygula → seçenek/sınırla kontrol et,seçenek eleme veya tersine çalışma; şekil sorusunda yardımcı çizgi/oran,bağlam veya birim koşulu,bağlam veya birim koşulu,kolay-orta,75,orta,ba318933eb3e,Baskın beceriye göre DRKOÇ editöryal sınıflandırması; soru metni yeniden yayımlanmamıştır.
2023,27,geçerli,https://dokuman.osym.gov.tr/pdfdokuman/2023/YKS/TSK/yks_tyt_2023_kitapcik_T23ky.pdf,Basit Eşitsizlikler,aralık / alt-üst sınır,çözüm kümesini bulma,soyut/yarı bağlamsal,tek temsilli,sözel metin,yorum/ilişki kurma,düşük,yüksek,orta,orta,hayır,verileni ayır → uygun temsili kur → koşulu uygula → seçenek/sınırla kontrol et,seçenek eleme veya tersine çalışma; şekil sorusunda yardımcı çizgi/oran,negatif sayıda yön değiştirme,negatif sayıda yön değiştirme,kolay-orta,75,düşük,03442d0e5c2f,Baskın beceriye göre DRKOÇ editöryal sınıflandırması; soru metni yeniden yayımlanmamıştır.
2023,28,geçerli,https://dokuman.osym.gov.tr/pdfdokuman/2023/YKS/TSK/yks_tyt_2023_kitapcik_T23ky.pdf,Basit Eşitsizlikler,aralık / alt-üst sınır,çözüm kümesini bulma,soyut/yarı bağlamsal,çok temsilli,sözel metin+tablo,yorum/ilişki kurma,orta,yüksek,orta,yüksek,evet,verileni ayır → uygun temsili kur → koşulu uygula → seçenek/sınırla kontrol et,seçenek eleme veya tersine çalışma; şekil sorusunda yardımcı çizgi/oran,negatif sayıda yön değiştirme,negatif sayıda yön değiştirme,zor,150,düşük,db9c6a38ccfc,Baskın beceriye göre DRKOÇ editöryal sınıflandırması; soru metni yeniden yayımlanmamıştır.
2023,29,geçerli,https://dokuman.osym.gov.tr/pdfdokuman/2023/YKS/TSK/yks_tyt_2023_kitapcik_T23ky.pdf,Köklü Sayılar,ana kök / kök sadeleştirme,tam kare çarpan kullanma,günlük yaşam,çok temsilli,sözel metin+tablo+günlük yaşam senaryosu,yorum/ilişki kurma,orta,orta,yüksek,orta,evet,verileni ayır → uygun temsili kur → koşulu uygula → seçenek/sınırla kontrol et,seçenek eleme veya tersine çalışma; şekil sorusunda yardımcı çizgi/oran,kökü toplam üzerine dağıtma,kökü toplam üzerine dağıtma,orta,105,düşük,9a12ec36d716,Baskın beceriye göre DRKOÇ editöryal sınıflandırması; soru metni yeniden yayımlanmamıştır.
2023,30,geçerli,https://dokuman.osym.gov.tr/pdfdokuman/2023/YKS/TSK/yks_tyt_2023_kitapcik_T23ky.pdf,Olasılık,örnek uzay / olay,istenen ve tüm durumları sayma,soyut/yarı bağlamsal,tek temsilli,sözel metin,yorum/ilişki kurma,düşük,orta,orta,orta,hayır,verileni ayır → uygun temsili kur → koşulu uygula → seçenek/sınırla kontrol et,seçenek eleme veya tersine çalışma; şekil sorusunda yardımcı çizgi/oran,eş olasılık veya tümleyen,eş olasılık veya tümleyen,kolay-orta,75,yüksek,a1a935232598,Baskın beceriye göre DRKOÇ editöryal sınıflandırması; soru metni yeniden yayımlanmamıştır.
2023,31,geçerli,https://dokuman.osym.gov.tr/pdfdokuman/2023/YKS/TSK/yks_tyt_2023_kitapcik_T23ky.pdf,Açılar ve Üçgenler,açı-kenar / özel üçgen,şekilden zorunlu ilişki çıkarma,geometrik düzenek,çok temsilli,sözel metin+şekil,yorum/ilişki kurma,düşük,orta,orta,orta,evet,verileni ayır → uygun temsili kur → koşulu uygula → seçenek/sınırla kontrol et,seçenek eleme veya tersine çalışma; şekil sorusunda yardımcı çizgi/oran,ölçeksiz şekilden varsayım,ölçeksiz şekilden varsayım,kolay-orta,75,orta,6e985c06b60e,Baskın beceriye göre DRKOÇ editöryal sınıflandırması; soru metni yeniden yayımlanmamıştır.
2023,32,geçerli,https://dokuman.osym.gov.tr/pdfdokuman/2023/YKS/TSK/yks_tyt_2023_kitapcik_T23ky.pdf,Açılar ve Üçgenler,açı-kenar / özel üçgen,şekilden zorunlu ilişki çıkarma,geometrik düzenek,çok temsilli,sözel metin+şekil,yorum/ilişki kurma,düşük,düşük,düşük,orta,evet,verileni ayır → uygun temsili kur → koşulu uygula → seçenek/sınırla kontrol et,seçenek eleme veya tersine çalışma; şekil sorusunda yardımcı çizgi/oran,ölçeksiz şekilden varsayım,ölçeksiz şekilden varsayım,kolay-orta,75,orta,75a1ae94f8e8,Baskın beceriye göre DRKOÇ editöryal sınıflandırması; soru metni yeniden yayımlanmamıştır.
2023,33,geçerli,https://dokuman.osym.gov.tr/pdfdokuman/2023/YKS/TSK/yks_tyt_2023_kitapcik_T23ky.pdf,Açılar ve Üçgenler,açı-kenar / özel üçgen,şekilden zorunlu ilişki çıkarma,geometrik düzenek,çok temsilli,sözel metin+şekil,yorum/ilişki kurma,düşük,orta,orta,orta,evet,verileni ayır → uygun temsili kur → koşulu uygula → seçenek/sınırla kontrol et,seçenek eleme veya tersine çalışma; şekil sorusunda yardımcı çizgi/oran,ölçeksiz şekilden varsayım,ölçeksiz şekilden varsayım,kolay-orta,75,orta,d42319f9cae4,Baskın beceriye göre DRKOÇ editöryal sınıflandırması; soru metni yeniden yayımlanmamıştır.
2023,34,geçerli,https://dokuman.osym.gov.tr/pdfdokuman/2023/YKS/TSK/yks_tyt_2023_kitapcik_T23ky.pdf,Açılar ve Üçgenler,açı-kenar / özel üçgen,şekilden zorunlu ilişki çıkarma,geometrik düzenek,çok temsilli,sözel metin+şekil,yorum/ilişki kurma,düşük,yüksek,orta,yüksek,evet,verileni ayır → uygun temsili kur → koşulu uygula → seçenek/sınırla kontrol et,seçenek eleme veya tersine çalışma; şekil sorusunda yardımcı çizgi/oran,ölçeksiz şekilden varsayım,ölçeksiz şekilden varsayım,orta,105,orta,b2043a1b4d2b,Baskın beceriye göre DRKOÇ editöryal sınıflandırması; soru metni yeniden yayımlanmamıştır.
2023,35,geçerli,https://dokuman.osym.gov.tr/pdfdokuman/2023/YKS/TSK/yks_tyt_2023_kitapcik_T23ky.pdf,Açılar ve Üçgenler,açı-kenar / özel üçgen,şekilden zorunlu ilişki çıkarma,geometrik düzenek,çok temsilli,sözel metin+şekil,yorum/ilişki kurma,orta,orta,orta,orta,evet,verileni ayır → uygun temsili kur → koşulu uygula → seçenek/sınırla kontrol et,seçenek eleme veya tersine çalışma; şekil sorusunda yardımcı çizgi/oran,ölçeksiz şekilden varsayım,ölçeksiz şekilden varsayım,kolay-orta,75,orta,02d53b87503d,Baskın beceriye göre DRKOÇ editöryal sınıflandırması; soru metni yeniden yayımlanmamıştır.
2023,36,geçerli,https://dokuman.osym.gov.tr/pdfdokuman/2023/YKS/TSK/yks_tyt_2023_kitapcik_T23ky.pdf,Dörtgenler,kare-dikdörtgen-yamuk,parçalara ayırma ve alan/oran,geometrik düzenek,çok temsilli,sözel metin+şekil+tablo,yorum/ilişki kurma,orta,orta,orta,orta,evet,verileni ayır → uygun temsili kur → koşulu uygula → seçenek/sınırla kontrol et,seçenek eleme veya tersine çalışma; şekil sorusunda yardımcı çizgi/oran,özel dörtgen koşulu,özel dörtgen koşulu,kolay-orta,75,orta,0fa9d95a3db0,Baskın beceriye göre DRKOÇ editöryal sınıflandırması; soru metni yeniden yayımlanmamıştır.
2023,37,geçerli,https://dokuman.osym.gov.tr/pdfdokuman/2023/YKS/TSK/yks_tyt_2023_kitapcik_T23ky.pdf,Dörtgenler,kare-dikdörtgen-yamuk,parçalara ayırma ve alan/oran,geometrik düzenek,çok temsilli,sözel metin+şekil,yorum/ilişki kurma,orta,orta,orta,orta,evet,verileni ayır → uygun temsili kur → koşulu uygula → seçenek/sınırla kontrol et,seçenek eleme veya tersine çalışma; şekil sorusunda yardımcı çizgi/oran,özel dörtgen koşulu,özel dörtgen koşulu,kolay-orta,75,orta,a00557c5edf2,Baskın beceriye göre DRKOÇ editöryal sınıflandırması; soru metni yeniden yayımlanmamıştır.
2023,38,geçerli,https://dokuman.osym.gov.tr/pdfdokuman/2023/YKS/TSK/yks_tyt_2023_kitapcik_T23ky.pdf,Çokgenler,iç-dış açı / düzgün çokgen,üçgenlere ayırma,geometrik düzenek,çok temsilli,sözel metin+şekil,yorum/ilişki kurma,orta,orta,orta,orta,evet,verileni ayır → uygun temsili kur → koşulu uygula → seçenek/sınırla kontrol et,seçenek eleme veya tersine çalışma; şekil sorusunda yardımcı çizgi/oran,iç ve dış açıyı karıştırma,iç ve dış açıyı karıştırma,kolay-orta,75,orta,d568a46f82ed,Baskın beceriye göre DRKOÇ editöryal sınıflandırması; soru metni yeniden yayımlanmamıştır.
2023,39,geçerli,https://dokuman.osym.gov.tr/pdfdokuman/2023/YKS/TSK/yks_tyt_2023_kitapcik_T23ky.pdf,Katı Cisimler,yüzey / hacim / açınım,üç boyutlu modeli parçalama,geometrik düzenek,tek temsilli,şekil,yorum/ilişki kurma,düşük,düşük,düşük,orta,hayır,verileni ayır → uygun temsili kur → koşulu uygula → seçenek/sınırla kontrol et,seçenek eleme veya tersine çalışma; şekil sorusunda yardımcı çizgi/oran,alan-hacim ve birim ayrımı,alan-hacim ve birim ayrımı,kolay-orta,75,düşük,metin-cikmadi,Baskın beceriye göre DRKOÇ editöryal sınıflandırması; soru metni yeniden yayımlanmamıştır.
2023,40,geçerli,https://dokuman.osym.gov.tr/pdfdokuman/2023/YKS/TSK/yks_tyt_2023_kitapcik_T23ky.pdf,Katı Cisimler,yüzey / hacim / açınım,üç boyutlu modeli parçalama,geometrik düzenek,tek temsilli,şekil,yorum/ilişki kurma,düşük,düşük,düşük,orta,hayır,verileni ayır → uygun temsili kur → koşulu uygula → seçenek/sınırla kontrol et,seçenek eleme veya tersine çalışma; şekil sorusunda yardımcı çizgi/oran,alan-hacim ve birim ayrımı,alan-hacim ve birim ayrımı,kolay-orta,75,düşük,metin-cikmadi,Baskın beceriye göre DRKOÇ editöryal sınıflandırması; soru metni yeniden yayımlanmamıştır.
2024,1,geçerli,https://dokuman.osym.gov.tr/pdfdokuman/2024/YKS/TSK/yks_tyt_2024_kitapcik_T24kt.pdf,Rasyonel Sayılar,kesir / ondalık gösterim,eş değer gösterimleri dönüştürme,soyut/yarı bağlamsal,tek temsilli,sözel metin,doğrudan bilgi+uygulama,orta,düşük,düşük,orta,hayır,verileni ayır → uygun temsili kur → koşulu uygula → seçenek/sınırla kontrol et,seçenek eleme veya tersine çalışma; şekil sorusunda yardımcı çizgi/oran,payda ve işlem önceliği,payda ve işlem önceliği,kolay-orta,75,düşük,045ab1d233ac,Baskın beceriye göre DRKOÇ editöryal sınıflandırması; soru metni yeniden yayımlanmamıştır.
2024,2,geçerli,https://dokuman.osym.gov.tr/pdfdokuman/2024/YKS/TSK/yks_tyt_2024_kitapcik_T24kt.pdf,Üslü Sayılar,üs kuralları / katlanma,ortak tabana dönüştürme,soyut/yarı bağlamsal,tek temsilli,sözel metin,doğrudan bilgi+uygulama,orta,düşük,düşük,orta,hayır,verileni ayır → uygun temsili kur → koşulu uygula → seçenek/sınırla kontrol et,seçenek eleme veya tersine çalışma; şekil sorusunda yardımcı çizgi/oran,toplamda üs birleştirme,toplamda üs birleştirme,kolay-orta,75,düşük,d25cdc3b3b8b,Baskın beceriye göre DRKOÇ editöryal sınıflandırması; soru metni yeniden yayımlanmamıştır.
2024,3,geçerli,https://dokuman.osym.gov.tr/pdfdokuman/2024/YKS/TSK/yks_tyt_2024_kitapcik_T24kt.pdf,Temel Kavramlar,sayı özelliği / yeni tanım,koşulu matematik diline çevirme,soyut/yarı bağlamsal,tek temsilli,sözel metin,yorum/ilişki kurma,orta,orta,orta,orta,hayır,verileni ayır → uygun temsili kur → koşulu uygula → seçenek/sınırla kontrol et,seçenek eleme veya tersine çalışma; şekil sorusunda yardımcı çizgi/oran,örnek ve karşı örnek,örnek ve karşı örnek,kolay-orta,75,düşük,f7e7c7f59643,Baskın beceriye göre DRKOÇ editöryal sınıflandırması; soru metni yeniden yayımlanmamıştır.
2024,4,geçerli,https://dokuman.osym.gov.tr/pdfdokuman/2024/YKS/TSK/yks_tyt_2024_kitapcik_T24kt.pdf,Rasyonel Sayılar,kesir / ondalık gösterim,eş değer gösterimleri dönüştürme,soyut/yarı bağlamsal,tek temsilli,sözel metin,doğrudan bilgi+uygulama,düşük,düşük,düşük,orta,hayır,verileni ayır → uygun temsili kur → koşulu uygula → seçenek/sınırla kontrol et,seçenek eleme veya tersine çalışma; şekil sorusunda yardımcı çizgi/oran,payda ve işlem önceliği,payda ve işlem önceliği,kolay-orta,75,düşük,8e59ec88d1c5,Baskın beceriye göre DRKOÇ editöryal sınıflandırması; soru metni yeniden yayımlanmamıştır.
2024,5,geçerli,https://dokuman.osym.gov.tr/pdfdokuman/2024/YKS/TSK/yks_tyt_2024_kitapcik_T24kt.pdf,Bölme ve Bölünebilme,bölüm-kalan / bölünebilme,kalan ilişkisi kurma,soyut/yarı bağlamsal,tek temsilli,sözel metin,doğrudan bilgi+uygulama,düşük,düşük,düşük,orta,hayır,verileni ayır → uygun temsili kur → koşulu uygula → seçenek/sınırla kontrol et,seçenek eleme veya tersine çalışma; şekil sorusunda yardımcı çizgi/oran,kalan sınırı,kalan sınırı,kolay-orta,75,düşük,21819f17f730,Baskın beceriye göre DRKOÇ editöryal sınıflandırması; soru metni yeniden yayımlanmamıştır.
2024,6,geçerli,https://dokuman.osym.gov.tr/pdfdokuman/2024/YKS/TSK/yks_tyt_2024_kitapcik_T24kt.pdf,Sayı Basamakları,rakam ve basamak koşulları,basamak çözümlemesi,günlük yaşam,çok temsilli,sözel metin+günlük yaşam senaryosu,yorum/ilişki kurma,orta,orta,yüksek,orta,evet,verileni ayır → uygun temsili kur → koşulu uygula → seçenek/sınırla kontrol et,seçenek eleme veya tersine çalışma; şekil sorusunda yardımcı çizgi/oran,baştaki sıfır veya farklı rakam koşulu,baştaki sıfır veya farklı rakam koşulu,orta,105,yüksek,afe58100cce7,Baskın beceriye göre DRKOÇ editöryal sınıflandırması; soru metni yeniden yayımlanmamıştır.
2024,7,geçerli,https://dokuman.osym.gov.tr/pdfdokuman/2024/YKS/TSK/yks_tyt_2024_kitapcik_T24kt.pdf,OBEB - OKEK,asal çarpan / ortak bölen-kat,çarpan yapısını modelleme,soyut/yarı bağlamsal,tek temsilli,sözel metin,yorum/ilişki kurma,orta,yüksek,orta,orta,hayır,verileni ayır → uygun temsili kur → koşulu uygula → seçenek/sınırla kontrol et,seçenek eleme veya tersine çalışma; şekil sorusunda yardımcı çizgi/oran,EBOB ile OKEK'i karıştırma,EBOB ile OKEK'i karıştırma,kolay-orta,75,yüksek,7d208210e0c5,Baskın beceriye göre DRKOÇ editöryal sınıflandırması; soru metni yeniden yayımlanmamıştır.
2024,8,geçerli,https://dokuman.osym.gov.tr/pdfdokuman/2024/YKS/TSK/yks_tyt_2024_kitapcik_T24kt.pdf,Mutlak Değer,uzaklık ve parçalı koşul,mutlak değer denklemi kurma,soyut/yarı bağlamsal,tek temsilli,sözel metin,yorum/ilişki kurma,düşük,orta,orta,orta,hayır,verileni ayır → uygun temsili kur → koşulu uygula → seçenek/sınırla kontrol et,seçenek eleme veya tersine çalışma; şekil sorusunda yardımcı çizgi/oran,tek dal alma,tek dal alma,kolay-orta,75,düşük,53bbceec0b01,Baskın beceriye göre DRKOÇ editöryal sınıflandırması; soru metni yeniden yayımlanmamıştır.
2024,9,geçerli,https://dokuman.osym.gov.tr/pdfdokuman/2024/YKS/TSK/yks_tyt_2024_kitapcik_T24kt.pdf,Mutlak Değer,uzaklık ve parçalı koşul,mutlak değer denklemi kurma,soyut/yarı bağlamsal,tek temsilli,sözel metin,doğrudan bilgi+uygulama,düşük,düşük,düşük,orta,hayır,verileni ayır → uygun temsili kur → koşulu uygula → seçenek/sınırla kontrol et,seçenek eleme veya tersine çalışma; şekil sorusunda yardımcı çizgi/oran,tek dal alma,tek dal alma,kolay-orta,75,düşük,62dd937eae51,Baskın beceriye göre DRKOÇ editöryal sınıflandırması; soru metni yeniden yayımlanmamıştır.
2024,10,geçerli,https://dokuman.osym.gov.tr/pdfdokuman/2024/YKS/TSK/yks_tyt_2024_kitapcik_T24kt.pdf,Kümeler,küme işlemleri / Kartezyen çarpım,üyelik ve bölgeleri sınıflandırma,soyut/yarı bağlamsal,tek temsilli,sözel metin,yorum/ilişki kurma,orta,orta,orta,orta,hayır,verileni ayır → uygun temsili kur → koşulu uygula → seçenek/sınırla kontrol et,seçenek eleme veya tersine çalışma; şekil sorusunda yardımcı çizgi/oran,kesişimi iki kez sayma,kesişimi iki kez sayma,kolay-orta,75,düşük,f4409522be02,Baskın beceriye göre DRKOÇ editöryal sınıflandırması; soru metni yeniden yayımlanmamıştır.
2024,11,geçerli,https://dokuman.osym.gov.tr/pdfdokuman/2024/YKS/TSK/yks_tyt_2024_kitapcik_T24kt.pdf,Mantık,önerme / niceleyici / koşul,doğruluk ve koşul eleme,günlük yaşam,çok temsilli,sözel metin+günlük yaşam senaryosu,yorum/ilişki kurma,düşük,orta,yüksek,orta,evet,verileni ayır → uygun temsili kur → koşulu uygula → seçenek/sınırla kontrol et,seçenek eleme veya tersine çalışma; şekil sorusunda yardımcı çizgi/oran,ve ile veya bağlacını karıştırma,ve ile veya bağlacını karıştırma,orta,105,düşük,29ff048e8508,Baskın beceriye göre DRKOÇ editöryal sınıflandırması; soru metni yeniden yayımlanmamıştır.
2024,12,geçerli,https://dokuman.osym.gov.tr/pdfdokuman/2024/YKS/TSK/yks_tyt_2024_kitapcik_T24kt.pdf,Fonksiyonlar,girdi-çıktı / grafik,temsil dönüşümü ve değer bulma,soyut/yarı bağlamsal,çok temsilli,sözel metin+grafik,doğrudan bilgi+uygulama,düşük,düşük,düşük,orta,evet,verileni ayır → uygun temsili kur → koşulu uygula → seçenek/sınırla kontrol et,seçenek eleme veya tersine çalışma; şekil sorusunda yardımcı çizgi/oran,tanım kümesi veya bileşke sırası,tanım kümesi veya bileşke sırası,kolay-orta,75,yüksek,ca2e3f4a9f25,Baskın beceriye göre DRKOÇ editöryal sınıflandırması; soru metni yeniden yayımlanmamıştır.
2024,13,geçerli,https://dokuman.osym.gov.tr/pdfdokuman/2024/YKS/TSK/yks_tyt_2024_kitapcik_T24kt.pdf,Sayı Basamakları,rakam ve basamak koşulları,basamak çözümlemesi,soyut/yarı bağlamsal,tek temsilli,sözel metin,doğrudan bilgi+uygulama,orta,düşük,düşük,orta,hayır,verileni ayır → uygun temsili kur → koşulu uygula → seçenek/sınırla kontrol et,seçenek eleme veya tersine çalışma; şekil sorusunda yardımcı çizgi/oran,baştaki sıfır veya farklı rakam koşulu,baştaki sıfır veya farklı rakam koşulu,kolay-orta,75,yüksek,f714d07a132d,Baskın beceriye göre DRKOÇ editöryal sınıflandırması; soru metni yeniden yayımlanmamıştır.
2024,14,geçerli,https://dokuman.osym.gov.tr/pdfdokuman/2024/YKS/TSK/yks_tyt_2024_kitapcik_T24kt.pdf,Sayma,çarpma ilkesi / seçim-sıralama,durumları eksiksiz sayma,soyut/yarı bağlamsal,tek temsilli,sözel metin,yorum/ilişki kurma,düşük,orta,orta,orta,hayır,verileni ayır → uygun temsili kur → koşulu uygula → seçenek/sınırla kontrol et,seçenek eleme veya tersine çalışma; şekil sorusunda yardımcı çizgi/oran,sıra veya tekrar koşulu,sıra veya tekrar koşulu,kolay-orta,75,düşük,8493bda54893,Baskın beceriye göre DRKOÇ editöryal sınıflandırması; soru metni yeniden yayımlanmamıştır.
2024,15,geçerli,https://dokuman.osym.gov.tr/pdfdokuman/2024/YKS/TSK/yks_tyt_2024_kitapcik_T24kt.pdf,Köklü Sayılar,ana kök / kök sadeleştirme,tam kare çarpan kullanma,soyut/yarı bağlamsal,tek temsilli,sözel metin,yorum/ilişki kurma,orta,orta,orta,orta,hayır,verileni ayır → uygun temsili kur → koşulu uygula → seçenek/sınırla kontrol et,seçenek eleme veya tersine çalışma; şekil sorusunda yardımcı çizgi/oran,kökü toplam üzerine dağıtma,kökü toplam üzerine dağıtma,kolay-orta,75,düşük,a7824cb8ab6e,Baskın beceriye göre DRKOÇ editöryal sınıflandırması; soru metni yeniden yayımlanmamıştır.
2024,16,geçerli,https://dokuman.osym.gov.tr/pdfdokuman/2024/YKS/TSK/yks_tyt_2024_kitapcik_T24kt.pdf,İstatistik ve Veri Analizi,tablo-grafik / merkez ölçüsü,veriyi temsil ve karşılaştırma,soyut/yarı bağlamsal,tek temsilli,sözel metin,yorum/ilişki kurma,orta,orta,orta,orta,hayır,verileni ayır → uygun temsili kur → koşulu uygula → seçenek/sınırla kontrol et,seçenek eleme veya tersine çalışma; şekil sorusunda yardımcı çizgi/oran,ölçek veya ağırlıklı ortalama,ölçek veya ağırlıklı ortalama,kolay-orta,75,yüksek,4465358151aa,Baskın beceriye göre DRKOÇ editöryal sınıflandırması; soru metni yeniden yayımlanmamıştır.
2024,17,geçerli,https://dokuman.osym.gov.tr/pdfdokuman/2024/YKS/TSK/yks_tyt_2024_kitapcik_T24kt.pdf,Problemler,çok adımlı günlük yaşam modeli,nicelik-birim-denklem kurma,soyut/yarı bağlamsal,tek temsilli,sözel metin,yorum/ilişki kurma,orta,orta,orta,orta,hayır,verileni ayır → uygun temsili kur → koşulu uygula → seçenek/sınırla kontrol et,seçenek eleme veya tersine çalışma; şekil sorusunda yardımcı çizgi/oran,bağlam veya birim koşulu,bağlam veya birim koşulu,kolay-orta,75,orta,0272b8d8b20b,Baskın beceriye göre DRKOÇ editöryal sınıflandırması; soru metni yeniden yayımlanmamıştır.
2024,18,geçerli,https://dokuman.osym.gov.tr/pdfdokuman/2024/YKS/TSK/yks_tyt_2024_kitapcik_T24kt.pdf,Problemler,çok adımlı günlük yaşam modeli,nicelik-birim-denklem kurma,soyut/yarı bağlamsal,tek temsilli,sözel metin,yorum/ilişki kurma,orta,orta,orta,orta,hayır,verileni ayır → uygun temsili kur → koşulu uygula → seçenek/sınırla kontrol et,seçenek eleme veya tersine çalışma; şekil sorusunda yardımcı çizgi/oran,bağlam veya birim koşulu,bağlam veya birim koşulu,kolay-orta,75,orta,e18f857b377c,Baskın beceriye göre DRKOÇ editöryal sınıflandırması; soru metni yeniden yayımlanmamıştır.
2024,19,geçerli,https://dokuman.osym.gov.tr/pdfdokuman/2024/YKS/TSK/yks_tyt_2024_kitapcik_T24kt.pdf,Problemler,çok adımlı günlük yaşam modeli,nicelik-birim-denklem kurma,soyut/yarı bağlamsal,tek temsilli,sözel metin,yorum/ilişki kurma,orta,orta,orta,orta,hayır,verileni ayır → uygun temsili kur → koşulu uygula → seçenek/sınırla kontrol et,seçenek eleme veya tersine çalışma; şekil sorusunda yardımcı çizgi/oran,bağlam veya birim koşulu,bağlam veya birim koşulu,kolay-orta,75,orta,5a26cc0ff1a1,Baskın beceriye göre DRKOÇ editöryal sınıflandırması; soru metni yeniden yayımlanmamıştır.
2024,20,geçerli,https://dokuman.osym.gov.tr/pdfdokuman/2024/YKS/TSK/yks_tyt_2024_kitapcik_T24kt.pdf,Problemler,çok adımlı günlük yaşam modeli,nicelik-birim-denklem kurma,soyut/yarı bağlamsal,tek temsilli,sözel metin,yorum/ilişki kurma,düşük,orta,orta,orta,hayır,verileni ayır → uygun temsili kur → koşulu uygula → seçenek/sınırla kontrol et,seçenek eleme veya tersine çalışma; şekil sorusunda yardımcı çizgi/oran,bağlam veya birim koşulu,bağlam veya birim koşulu,kolay-orta,75,orta,b78d65871ef0,Baskın beceriye göre DRKOÇ editöryal sınıflandırması; soru metni yeniden yayımlanmamıştır.
2024,21,geçerli,https://dokuman.osym.gov.tr/pdfdokuman/2024/YKS/TSK/yks_tyt_2024_kitapcik_T24kt.pdf,Problemler,çok adımlı günlük yaşam modeli,nicelik-birim-denklem kurma,soyut/yarı bağlamsal,tek temsilli,sözel metin,yorum/ilişki kurma,orta,yüksek,orta,orta,hayır,verileni ayır → uygun temsili kur → koşulu uygula → seçenek/sınırla kontrol et,seçenek eleme veya tersine çalışma; şekil sorusunda yardımcı çizgi/oran,bağlam veya birim koşulu,bağlam veya birim koşulu,kolay-orta,75,orta,dd16c9dbcd2c,Baskın beceriye göre DRKOÇ editöryal sınıflandırması; soru metni yeniden yayımlanmamıştır.
2024,22,geçerli,https://dokuman.osym.gov.tr/pdfdokuman/2024/YKS/TSK/yks_tyt_2024_kitapcik_T24kt.pdf,Problemler,çok adımlı günlük yaşam modeli,nicelik-birim-denklem kurma,günlük yaşam,çok temsilli,sözel metin+tablo+günlük yaşam senaryosu,yorum/ilişki kurma,orta,yüksek,yüksek,yüksek,evet,verileni ayır → uygun temsili kur → koşulu uygula → seçenek/sınırla kontrol et,seçenek eleme veya tersine çalışma; şekil sorusunda yardımcı çizgi/oran,bağlam veya birim koşulu,bağlam veya birim koşulu,zor,150,orta,8165db409949,Baskın beceriye göre DRKOÇ editöryal sınıflandırması; soru metni yeniden yayımlanmamıştır.
2024,23,geçerli,https://dokuman.osym.gov.tr/pdfdokuman/2024/YKS/TSK/yks_tyt_2024_kitapcik_T24kt.pdf,Problemler,çok adımlı günlük yaşam modeli,nicelik-birim-denklem kurma,günlük yaşam,çok temsilli,sözel metin+günlük yaşam senaryosu,yorum/ilişki kurma,orta,yüksek,yüksek,yüksek,evet,verileni ayır → uygun temsili kur → koşulu uygula → seçenek/sınırla kontrol et,seçenek eleme veya tersine çalışma; şekil sorusunda yardımcı çizgi/oran,bağlam veya birim koşulu,bağlam veya birim koşulu,zor,150,orta,9e0499f83616,Baskın beceriye göre DRKOÇ editöryal sınıflandırması; soru metni yeniden yayımlanmamıştır.
2024,24,geçerli,https://dokuman.osym.gov.tr/pdfdokuman/2024/YKS/TSK/yks_tyt_2024_kitapcik_T24kt.pdf,Problemler,çok adımlı günlük yaşam modeli,nicelik-birim-denklem kurma,günlük yaşam,çok temsilli,sözel metin+günlük yaşam senaryosu,yorum/ilişki kurma,orta,orta,yüksek,orta,evet,verileni ayır → uygun temsili kur → koşulu uygula → seçenek/sınırla kontrol et,seçenek eleme veya tersine çalışma; şekil sorusunda yardımcı çizgi/oran,bağlam veya birim koşulu,bağlam veya birim koşulu,orta,105,orta,e50d77f32ade,Baskın beceriye göre DRKOÇ editöryal sınıflandırması; soru metni yeniden yayımlanmamıştır.
2024,25,geçerli,https://dokuman.osym.gov.tr/pdfdokuman/2024/YKS/TSK/yks_tyt_2024_kitapcik_T24kt.pdf,Problemler,çok adımlı günlük yaşam modeli,nicelik-birim-denklem kurma,soyut/yarı bağlamsal,tek temsilli,sözel metin,yorum/ilişki kurma,orta,orta,orta,orta,hayır,verileni ayır → uygun temsili kur → koşulu uygula → seçenek/sınırla kontrol et,seçenek eleme veya tersine çalışma; şekil sorusunda yardımcı çizgi/oran,bağlam veya birim koşulu,bağlam veya birim koşulu,kolay-orta,75,orta,291806e83a71,Baskın beceriye göre DRKOÇ editöryal sınıflandırması; soru metni yeniden yayımlanmamıştır.
2024,26,geçerli,https://dokuman.osym.gov.tr/pdfdokuman/2024/YKS/TSK/yks_tyt_2024_kitapcik_T24kt.pdf,Problemler,çok adımlı günlük yaşam modeli,nicelik-birim-denklem kurma,soyut/yarı bağlamsal,tek temsilli,sözel metin,yorum/ilişki kurma,orta,orta,orta,orta,hayır,verileni ayır → uygun temsili kur → koşulu uygula → seçenek/sınırla kontrol et,seçenek eleme veya tersine çalışma; şekil sorusunda yardımcı çizgi/oran,bağlam veya birim koşulu,bağlam veya birim koşulu,kolay-orta,75,orta,1d322e273219,Baskın beceriye göre DRKOÇ editöryal sınıflandırması; soru metni yeniden yayımlanmamıştır.
2024,27,geçerli,https://dokuman.osym.gov.tr/pdfdokuman/2024/YKS/TSK/yks_tyt_2024_kitapcik_T24kt.pdf,Problemler,çok adımlı günlük yaşam modeli,nicelik-birim-denklem kurma,soyut/yarı bağlamsal,tek temsilli,sözel metin,yorum/ilişki kurma,orta,orta,orta,orta,hayır,verileni ayır → uygun temsili kur → koşulu uygula → seçenek/sınırla kontrol et,seçenek eleme veya tersine çalışma; şekil sorusunda yardımcı çizgi/oran,bağlam veya birim koşulu,bağlam veya birim koşulu,kolay-orta,75,orta,85bf470fba7b,Baskın beceriye göre DRKOÇ editöryal sınıflandırması; soru metni yeniden yayımlanmamıştır.
2024,28,geçerli,https://dokuman.osym.gov.tr/pdfdokuman/2024/YKS/TSK/yks_tyt_2024_kitapcik_T24kt.pdf,Sayma,çarpma ilkesi / seçim-sıralama,durumları eksiksiz sayma,soyut/yarı bağlamsal,tek temsilli,sözel metin,yorum/ilişki kurma,orta,yüksek,orta,orta,hayır,verileni ayır → uygun temsili kur → koşulu uygula → seçenek/sınırla kontrol et,seçenek eleme veya tersine çalışma; şekil sorusunda yardımcı çizgi/oran,sıra veya tekrar koşulu,sıra veya tekrar koşulu,kolay-orta,75,düşük,8c3edb816ca3,Baskın beceriye göre DRKOÇ editöryal sınıflandırması; soru metni yeniden yayımlanmamıştır.
2024,29,geçerli,https://dokuman.osym.gov.tr/pdfdokuman/2024/YKS/TSK/yks_tyt_2024_kitapcik_T24kt.pdf,Sayma,çarpma ilkesi / seçim-sıralama,durumları eksiksiz sayma,soyut/yarı bağlamsal,tek temsilli,sözel metin,yorum/ilişki kurma,düşük,orta,orta,orta,hayır,verileni ayır → uygun temsili kur → koşulu uygula → seçenek/sınırla kontrol et,seçenek eleme veya tersine çalışma; şekil sorusunda yardımcı çizgi/oran,sıra veya tekrar koşulu,sıra veya tekrar koşulu,kolay-orta,75,düşük,092919c24910,Baskın beceriye göre DRKOÇ editöryal sınıflandırması; soru metni yeniden yayımlanmamıştır.
2024,30,geçerli,https://dokuman.osym.gov.tr/pdfdokuman/2024/YKS/TSK/yks_tyt_2024_kitapcik_T24kt.pdf,Olasılık,örnek uzay / olay,istenen ve tüm durumları sayma,soyut/yarı bağlamsal,tek temsilli,sözel metin,yorum/ilişki kurma,düşük,orta,orta,orta,hayır,verileni ayır → uygun temsili kur → koşulu uygula → seçenek/sınırla kontrol et,seçenek eleme veya tersine çalışma; şekil sorusunda yardımcı çizgi/oran,eş olasılık veya tümleyen,eş olasılık veya tümleyen,kolay-orta,75,yüksek,a7c3d2e8369a,Baskın beceriye göre DRKOÇ editöryal sınıflandırması; soru metni yeniden yayımlanmamıştır.
2024,31,geçerli,https://dokuman.osym.gov.tr/pdfdokuman/2024/YKS/TSK/yks_tyt_2024_kitapcik_T24kt.pdf,Açılar ve Üçgenler,açı-kenar / özel üçgen,şekilden zorunlu ilişki çıkarma,geometrik düzenek,çok temsilli,sözel metin+şekil+günlük yaşam senaryosu,yorum/ilişki kurma,düşük,yüksek,yüksek,yüksek,evet,verileni ayır → uygun temsili kur → koşulu uygula → seçenek/sınırla kontrol et,seçenek eleme veya tersine çalışma; şekil sorusunda yardımcı çizgi/oran,ölçeksiz şekilden varsayım,ölçeksiz şekilden varsayım,orta,105,orta,d506a08cdb2b,Baskın beceriye göre DRKOÇ editöryal sınıflandırması; soru metni yeniden yayımlanmamıştır.
2024,32,geçerli,https://dokuman.osym.gov.tr/pdfdokuman/2024/YKS/TSK/yks_tyt_2024_kitapcik_T24kt.pdf,Açılar ve Üçgenler,açı-kenar / özel üçgen,şekilden zorunlu ilişki çıkarma,geometrik düzenek,çok temsilli,sözel metin+şekil,yorum/ilişki kurma,orta,orta,orta,orta,evet,verileni ayır → uygun temsili kur → koşulu uygula → seçenek/sınırla kontrol et,seçenek eleme veya tersine çalışma; şekil sorusunda yardımcı çizgi/oran,ölçeksiz şekilden varsayım,ölçeksiz şekilden varsayım,kolay-orta,75,orta,d70a4c307c5a,Baskın beceriye göre DRKOÇ editöryal sınıflandırması; soru metni yeniden yayımlanmamıştır.
2024,33,geçerli,https://dokuman.osym.gov.tr/pdfdokuman/2024/YKS/TSK/yks_tyt_2024_kitapcik_T24kt.pdf,Açılar ve Üçgenler,açı-kenar / özel üçgen,şekilden zorunlu ilişki çıkarma,geometrik düzenek,çok temsilli,sözel metin+şekil,yorum/ilişki kurma,düşük,yüksek,orta,yüksek,evet,verileni ayır → uygun temsili kur → koşulu uygula → seçenek/sınırla kontrol et,seçenek eleme veya tersine çalışma; şekil sorusunda yardımcı çizgi/oran,ölçeksiz şekilden varsayım,ölçeksiz şekilden varsayım,orta,105,orta,3861f7053d08,Baskın beceriye göre DRKOÇ editöryal sınıflandırması; soru metni yeniden yayımlanmamıştır.
2024,34,geçerli,https://dokuman.osym.gov.tr/pdfdokuman/2024/YKS/TSK/yks_tyt_2024_kitapcik_T24kt.pdf,Açılar ve Üçgenler,açı-kenar / özel üçgen,şekilden zorunlu ilişki çıkarma,geometrik düzenek,çok temsilli,sözel metin+şekil,yorum/ilişki kurma,orta,orta,orta,orta,evet,verileni ayır → uygun temsili kur → koşulu uygula → seçenek/sınırla kontrol et,seçenek eleme veya tersine çalışma; şekil sorusunda yardımcı çizgi/oran,ölçeksiz şekilden varsayım,ölçeksiz şekilden varsayım,kolay-orta,75,orta,659f13cc0b39,Baskın beceriye göre DRKOÇ editöryal sınıflandırması; soru metni yeniden yayımlanmamıştır.
2024,35,geçerli,https://dokuman.osym.gov.tr/pdfdokuman/2024/YKS/TSK/yks_tyt_2024_kitapcik_T24kt.pdf,Açılar ve Üçgenler,açı-kenar / özel üçgen,şekilden zorunlu ilişki çıkarma,geometrik düzenek,çok temsilli,sözel metin+şekil,yorum/ilişki kurma,düşük,yüksek,orta,yüksek,evet,verileni ayır → uygun temsili kur → koşulu uygula → seçenek/sınırla kontrol et,seçenek eleme veya tersine çalışma; şekil sorusunda yardımcı çizgi/oran,ölçeksiz şekilden varsayım,ölçeksiz şekilden varsayım,orta,105,orta,2fbb2bf5b49b,Baskın beceriye göre DRKOÇ editöryal sınıflandırması; soru metni yeniden yayımlanmamıştır.
2024,36,geçerli,https://dokuman.osym.gov.tr/pdfdokuman/2024/YKS/TSK/yks_tyt_2024_kitapcik_T24kt.pdf,Dörtgenler,kare-dikdörtgen-yamuk,parçalara ayırma ve alan/oran,geometrik düzenek,çok temsilli,sözel metin+şekil,yorum/ilişki kurma,orta,orta,orta,orta,evet,verileni ayır → uygun temsili kur → koşulu uygula → seçenek/sınırla kontrol et,seçenek eleme veya tersine çalışma; şekil sorusunda yardımcı çizgi/oran,özel dörtgen koşulu,özel dörtgen koşulu,kolay-orta,75,orta,8a2f48e009ec,Baskın beceriye göre DRKOÇ editöryal sınıflandırması; soru metni yeniden yayımlanmamıştır.
2024,37,geçerli,https://dokuman.osym.gov.tr/pdfdokuman/2024/YKS/TSK/yks_tyt_2024_kitapcik_T24kt.pdf,Dörtgenler,kare-dikdörtgen-yamuk,parçalara ayırma ve alan/oran,geometrik düzenek,tek temsilli,şekil,yorum/ilişki kurma,düşük,düşük,düşük,orta,hayır,verileni ayır → uygun temsili kur → koşulu uygula → seçenek/sınırla kontrol et,seçenek eleme veya tersine çalışma; şekil sorusunda yardımcı çizgi/oran,özel dörtgen koşulu,özel dörtgen koşulu,kolay-orta,75,düşük,metin-cikmadi,Baskın beceriye göre DRKOÇ editöryal sınıflandırması; soru metni yeniden yayımlanmamıştır.
2024,38,geçerli,https://dokuman.osym.gov.tr/pdfdokuman/2024/YKS/TSK/yks_tyt_2024_kitapcik_T24kt.pdf,Çokgenler,iç-dış açı / düzgün çokgen,üçgenlere ayırma,geometrik düzenek,tek temsilli,şekil,yorum/ilişki kurma,düşük,düşük,düşük,orta,hayır,verileni ayır → uygun temsili kur → koşulu uygula → seçenek/sınırla kontrol et,seçenek eleme veya tersine çalışma; şekil sorusunda yardımcı çizgi/oran,iç ve dış açıyı karıştırma,iç ve dış açıyı karıştırma,kolay-orta,75,düşük,metin-cikmadi,Baskın beceriye göre DRKOÇ editöryal sınıflandırması; soru metni yeniden yayımlanmamıştır.
2024,39,geçerli,https://dokuman.osym.gov.tr/pdfdokuman/2024/YKS/TSK/yks_tyt_2024_kitapcik_T24kt.pdf,Katı Cisimler,yüzey / hacim / açınım,üç boyutlu modeli parçalama,geometrik düzenek,tek temsilli,şekil,yorum/ilişki kurma,düşük,düşük,düşük,orta,hayır,verileni ayır → uygun temsili kur → koşulu uygula → seçenek/sınırla kontrol et,seçenek eleme veya tersine çalışma; şekil sorusunda yardımcı çizgi/oran,alan-hacim ve birim ayrımı,alan-hacim ve birim ayrımı,kolay-orta,75,düşük,metin-cikmadi,Baskın beceriye göre DRKOÇ editöryal sınıflandırması; soru metni yeniden yayımlanmamıştır.
2024,40,geçerli,https://dokuman.osym.gov.tr/pdfdokuman/2024/YKS/TSK/yks_tyt_2024_kitapcik_T24kt.pdf,Katı Cisimler,yüzey / hacim / açınım,üç boyutlu modeli parçalama,geometrik düzenek,tek temsilli,şekil,yorum/ilişki kurma,düşük,düşük,düşük,orta,hayır,verileni ayır → uygun temsili kur → koşulu uygula → seçenek/sınırla kontrol et,seçenek eleme veya tersine çalışma; şekil sorusunda yardımcı çizgi/oran,alan-hacim ve birim ayrımı,alan-hacim ve birim ayrımı,kolay-orta,75,düşük,metin-cikmadi,Baskın beceriye göre DRKOÇ editöryal sınıflandırması; soru metni yeniden yayımlanmamıştır.
2025,1,geçerli,https://dokuman.osym.gov.tr/pdfdokuman/2025/YKS/TSK/yks_tyt_2025_kitapcik_d250.pdf,Temel Kavramlar,sayı özelliği / yeni tanım,koşulu matematik diline çevirme,soyut/yarı bağlamsal,tek temsilli,sözel metin,yorum/ilişki kurma,düşük,orta,orta,orta,hayır,verileni ayır → uygun temsili kur → koşulu uygula → seçenek/sınırla kontrol et,seçenek eleme veya tersine çalışma; şekil sorusunda yardımcı çizgi/oran,örnek ve karşı örnek,örnek ve karşı örnek,kolay-orta,75,düşük,4979d61c0e36,Baskın beceriye göre DRKOÇ editöryal sınıflandırması; soru metni yeniden yayımlanmamıştır.
2025,2,geçerli,https://dokuman.osym.gov.tr/pdfdokuman/2025/YKS/TSK/yks_tyt_2025_kitapcik_d250.pdf,Üslü Sayılar,üs kuralları / katlanma,ortak tabana dönüştürme,soyut/yarı bağlamsal,tek temsilli,sözel metin,yorum/ilişki kurma,düşük,orta,orta,orta,hayır,verileni ayır → uygun temsili kur → koşulu uygula → seçenek/sınırla kontrol et,seçenek eleme veya tersine çalışma; şekil sorusunda yardımcı çizgi/oran,toplamda üs birleştirme,toplamda üs birleştirme,kolay-orta,75,düşük,e67fab6999ae,Baskın beceriye göre DRKOÇ editöryal sınıflandırması; soru metni yeniden yayımlanmamıştır.
2025,3,geçerli,https://dokuman.osym.gov.tr/pdfdokuman/2025/YKS/TSK/yks_tyt_2025_kitapcik_d250.pdf,Temel Kavramlar,sayı özelliği / yeni tanım,koşulu matematik diline çevirme,soyut/yarı bağlamsal,tek temsilli,sözel metin,yorum/ilişki kurma,düşük,orta,orta,orta,hayır,verileni ayır → uygun temsili kur → koşulu uygula → seçenek/sınırla kontrol et,seçenek eleme veya tersine çalışma; şekil sorusunda yardımcı çizgi/oran,örnek ve karşı örnek,örnek ve karşı örnek,kolay-orta,75,düşük,97d725d09917,Baskın beceriye göre DRKOÇ editöryal sınıflandırması; soru metni yeniden yayımlanmamıştır.
2025,4,geçerli,https://dokuman.osym.gov.tr/pdfdokuman/2025/YKS/TSK/yks_tyt_2025_kitapcik_d250.pdf,Rasyonel Sayılar,kesir / ondalık gösterim,eş değer gösterimleri dönüştürme,soyut/yarı bağlamsal,tek temsilli,sözel metin,yorum/ilişki kurma,düşük,orta,orta,orta,hayır,verileni ayır → uygun temsili kur → koşulu uygula → seçenek/sınırla kontrol et,seçenek eleme veya tersine çalışma; şekil sorusunda yardımcı çizgi/oran,payda ve işlem önceliği,payda ve işlem önceliği,kolay-orta,75,orta,7fd6ac0cec1d,Baskın beceriye göre DRKOÇ editöryal sınıflandırması; soru metni yeniden yayımlanmamıştır.
2025,5,geçerli,https://dokuman.osym.gov.tr/pdfdokuman/2025/YKS/TSK/yks_tyt_2025_kitapcik_d250.pdf,Denklem Çözme,doğrusal veya ikinci derece ilişki,eşitliği koruyan dönüşüm,soyut/yarı bağlamsal,tek temsilli,sözel metin,doğrudan bilgi+uygulama,düşük,düşük,düşük,orta,hayır,verileni ayır → uygun temsili kur → koşulu uygula → seçenek/sınırla kontrol et,seçenek eleme veya tersine çalışma; şekil sorusunda yardımcı çizgi/oran,aday kökü kontrol etmeme,aday kökü kontrol etmeme,kolay-orta,75,düşük,e48ff82524aa,Baskın beceriye göre DRKOÇ editöryal sınıflandırması; soru metni yeniden yayımlanmamıştır.
2025,6,geçerli,https://dokuman.osym.gov.tr/pdfdokuman/2025/YKS/TSK/yks_tyt_2025_kitapcik_d250.pdf,Temel Kavramlar,sayı özelliği / yeni tanım,koşulu matematik diline çevirme,soyut/yarı bağlamsal,tek temsilli,sözel metin,yorum/ilişki kurma,düşük,orta,orta,orta,hayır,verileni ayır → uygun temsili kur → koşulu uygula → seçenek/sınırla kontrol et,seçenek eleme veya tersine çalışma; şekil sorusunda yardımcı çizgi/oran,örnek ve karşı örnek,örnek ve karşı örnek,kolay-orta,75,düşük,155f887366b2,Baskın beceriye göre DRKOÇ editöryal sınıflandırması; soru metni yeniden yayımlanmamıştır.
2025,7,geçerli,https://dokuman.osym.gov.tr/pdfdokuman/2025/YKS/TSK/yks_tyt_2025_kitapcik_d250.pdf,Mutlak Değer,uzaklık ve parçalı koşul,mutlak değer denklemi kurma,günlük yaşam,çok temsilli,sözel metin+günlük yaşam senaryosu,yorum/ilişki kurma,orta,orta,yüksek,orta,evet,verileni ayır → uygun temsili kur → koşulu uygula → seçenek/sınırla kontrol et,seçenek eleme veya tersine çalışma; şekil sorusunda yardımcı çizgi/oran,tek dal alma,tek dal alma,orta,105,düşük,e2f134622a76,Baskın beceriye göre DRKOÇ editöryal sınıflandırması; soru metni yeniden yayımlanmamıştır.
2025,8,geçerli,https://dokuman.osym.gov.tr/pdfdokuman/2025/YKS/TSK/yks_tyt_2025_kitapcik_d250.pdf,Bölme ve Bölünebilme,bölüm-kalan / bölünebilme,kalan ilişkisi kurma,soyut/yarı bağlamsal,tek temsilli,sözel metin,yorum/ilişki kurma,düşük,orta,orta,orta,hayır,verileni ayır → uygun temsili kur → koşulu uygula → seçenek/sınırla kontrol et,seçenek eleme veya tersine çalışma; şekil sorusunda yardımcı çizgi/oran,kalan sınırı,kalan sınırı,kolay-orta,75,düşük,5e9c8d2867d7,Baskın beceriye göre DRKOÇ editöryal sınıflandırması; soru metni yeniden yayımlanmamıştır.
2025,9,geçerli,https://dokuman.osym.gov.tr/pdfdokuman/2025/YKS/TSK/yks_tyt_2025_kitapcik_d250.pdf,Basit Eşitsizlikler,aralık / alt-üst sınır,çözüm kümesini bulma,soyut/yarı bağlamsal,tek temsilli,sözel metin,yorum/ilişki kurma,orta,orta,orta,orta,hayır,verileni ayır → uygun temsili kur → koşulu uygula → seçenek/sınırla kontrol et,seçenek eleme veya tersine çalışma; şekil sorusunda yardımcı çizgi/oran,negatif sayıda yön değiştirme,negatif sayıda yön değiştirme,kolay-orta,75,düşük,5d850d7cb9a0,Baskın beceriye göre DRKOÇ editöryal sınıflandırması; soru metni yeniden yayımlanmamıştır.
2025,10,geçerli,https://dokuman.osym.gov.tr/pdfdokuman/2025/YKS/TSK/yks_tyt_2025_kitapcik_d250.pdf,Sayı Basamakları,rakam ve basamak koşulları,basamak çözümlemesi,soyut/yarı bağlamsal,tek temsilli,sözel metin,yorum/ilişki kurma,düşük,orta,orta,orta,hayır,verileni ayır → uygun temsili kur → koşulu uygula → seçenek/sınırla kontrol et,seçenek eleme veya tersine çalışma; şekil sorusunda yardımcı çizgi/oran,baştaki sıfır veya farklı rakam koşulu,baştaki sıfır veya farklı rakam koşulu,kolay-orta,75,yüksek,67b124c3dfe5,Baskın beceriye göre DRKOÇ editöryal sınıflandırması; soru metni yeniden yayımlanmamıştır.
2025,11,geçerli,https://dokuman.osym.gov.tr/pdfdokuman/2025/YKS/TSK/yks_tyt_2025_kitapcik_d250.pdf,Mantık,önerme / niceleyici / koşul,doğruluk ve koşul eleme,soyut/yarı bağlamsal,tek temsilli,sözel metin,yorum/ilişki kurma,düşük,orta,orta,orta,hayır,verileni ayır → uygun temsili kur → koşulu uygula → seçenek/sınırla kontrol et,seçenek eleme veya tersine çalışma; şekil sorusunda yardımcı çizgi/oran,ve ile veya bağlacını karıştırma,ve ile veya bağlacını karıştırma,kolay-orta,75,düşük,18f7de1e3937,Baskın beceriye göre DRKOÇ editöryal sınıflandırması; soru metni yeniden yayımlanmamıştır.
2025,12,geçerli,https://dokuman.osym.gov.tr/pdfdokuman/2025/YKS/TSK/yks_tyt_2025_kitapcik_d250.pdf,Köklü Sayılar,ana kök / kök sadeleştirme,tam kare çarpan kullanma,soyut/yarı bağlamsal,tek temsilli,sözel metin,yorum/ilişki kurma,orta,orta,orta,orta,hayır,verileni ayır → uygun temsili kur → koşulu uygula → seçenek/sınırla kontrol et,seçenek eleme veya tersine çalışma; şekil sorusunda yardımcı çizgi/oran,kökü toplam üzerine dağıtma,kökü toplam üzerine dağıtma,kolay-orta,75,düşük,703d8faadfc5,Baskın beceriye göre DRKOÇ editöryal sınıflandırması; soru metni yeniden yayımlanmamıştır.
2025,13,geçerli,https://dokuman.osym.gov.tr/pdfdokuman/2025/YKS/TSK/yks_tyt_2025_kitapcik_d250.pdf,Fonksiyonlar,girdi-çıktı / grafik,temsil dönüşümü ve değer bulma,soyut/yarı bağlamsal,çok temsilli,sözel metin+grafik,yorum/ilişki kurma,düşük,orta,orta,orta,evet,verileni ayır → uygun temsili kur → koşulu uygula → seçenek/sınırla kontrol et,seçenek eleme veya tersine çalışma; şekil sorusunda yardımcı çizgi/oran,tanım kümesi veya bileşke sırası,tanım kümesi veya bileşke sırası,kolay-orta,75,yüksek,6747934a0fc1,Baskın beceriye göre DRKOÇ editöryal sınıflandırması; soru metni yeniden yayımlanmamıştır.
2025,14,geçerli,https://dokuman.osym.gov.tr/pdfdokuman/2025/YKS/TSK/yks_tyt_2025_kitapcik_d250.pdf,Sayma,çarpma ilkesi / seçim-sıralama,durumları eksiksiz sayma,soyut/yarı bağlamsal,tek temsilli,sözel metin,doğrudan bilgi+uygulama,orta,düşük,düşük,orta,hayır,verileni ayır → uygun temsili kur → koşulu uygula → seçenek/sınırla kontrol et,seçenek eleme veya tersine çalışma; şekil sorusunda yardımcı çizgi/oran,sıra veya tekrar koşulu,sıra veya tekrar koşulu,kolay-orta,75,düşük,efe53c66697f,Baskın beceriye göre DRKOÇ editöryal sınıflandırması; soru metni yeniden yayımlanmamıştır.
2025,15,geçerli,https://dokuman.osym.gov.tr/pdfdokuman/2025/YKS/TSK/yks_tyt_2025_kitapcik_d250.pdf,Oran - Orantı,oran / ölçek / birlikte değişim,birim oran kurma,soyut/yarı bağlamsal,tek temsilli,sözel metin,yorum/ilişki kurma,orta,orta,orta,orta,hayır,verileni ayır → uygun temsili kur → koşulu uygula → seçenek/sınırla kontrol et,seçenek eleme veya tersine çalışma; şekil sorusunda yardımcı çizgi/oran,oran sırası ve birim,oran sırası ve birim,kolay-orta,75,düşük,b810d0c78d9e,Baskın beceriye göre DRKOÇ editöryal sınıflandırması; soru metni yeniden yayımlanmamıştır.
2025,16,geçerli,https://dokuman.osym.gov.tr/pdfdokuman/2025/YKS/TSK/yks_tyt_2025_kitapcik_d250.pdf,İstatistik ve Veri Analizi,tablo-grafik / merkez ölçüsü,veriyi temsil ve karşılaştırma,soyut/yarı bağlamsal,tek temsilli,sözel metin,yorum/ilişki kurma,orta,orta,orta,orta,hayır,verileni ayır → uygun temsili kur → koşulu uygula → seçenek/sınırla kontrol et,seçenek eleme veya tersine çalışma; şekil sorusunda yardımcı çizgi/oran,ölçek veya ağırlıklı ortalama,ölçek veya ağırlıklı ortalama,kolay-orta,75,yüksek,8aacf851c1c4,Baskın beceriye göre DRKOÇ editöryal sınıflandırması; soru metni yeniden yayımlanmamıştır.
2025,17,geçerli,https://dokuman.osym.gov.tr/pdfdokuman/2025/YKS/TSK/yks_tyt_2025_kitapcik_d250.pdf,Problemler,çok adımlı günlük yaşam modeli,nicelik-birim-denklem kurma,soyut/yarı bağlamsal,tek temsilli,sözel metin,yorum/ilişki kurma,orta,yüksek,orta,orta,hayır,verileni ayır → uygun temsili kur → koşulu uygula → seçenek/sınırla kontrol et,seçenek eleme veya tersine çalışma; şekil sorusunda yardımcı çizgi/oran,bağlam veya birim koşulu,bağlam veya birim koşulu,kolay-orta,75,orta,1fccdef1b631,Baskın beceriye göre DRKOÇ editöryal sınıflandırması; soru metni yeniden yayımlanmamıştır.
2025,18,geçerli,https://dokuman.osym.gov.tr/pdfdokuman/2025/YKS/TSK/yks_tyt_2025_kitapcik_d250.pdf,Problemler,çok adımlı günlük yaşam modeli,nicelik-birim-denklem kurma,soyut/yarı bağlamsal,tek temsilli,sözel metin,yorum/ilişki kurma,düşük,orta,orta,orta,hayır,verileni ayır → uygun temsili kur → koşulu uygula → seçenek/sınırla kontrol et,seçenek eleme veya tersine çalışma; şekil sorusunda yardımcı çizgi/oran,bağlam veya birim koşulu,bağlam veya birim koşulu,kolay-orta,75,orta,717326b0a10d,Baskın beceriye göre DRKOÇ editöryal sınıflandırması; soru metni yeniden yayımlanmamıştır.
2025,19,geçerli,https://dokuman.osym.gov.tr/pdfdokuman/2025/YKS/TSK/yks_tyt_2025_kitapcik_d250.pdf,Problemler,çok adımlı günlük yaşam modeli,nicelik-birim-denklem kurma,soyut/yarı bağlamsal,tek temsilli,sözel metin,yorum/ilişki kurma,düşük,yüksek,orta,orta,hayır,verileni ayır → uygun temsili kur → koşulu uygula → seçenek/sınırla kontrol et,seçenek eleme veya tersine çalışma; şekil sorusunda yardımcı çizgi/oran,bağlam veya birim koşulu,bağlam veya birim koşulu,kolay-orta,75,orta,39fc0b0e2a86,Baskın beceriye göre DRKOÇ editöryal sınıflandırması; soru metni yeniden yayımlanmamıştır.
2025,20,geçerli,https://dokuman.osym.gov.tr/pdfdokuman/2025/YKS/TSK/yks_tyt_2025_kitapcik_d250.pdf,Problemler,çok adımlı günlük yaşam modeli,nicelik-birim-denklem kurma,soyut/yarı bağlamsal,tek temsilli,sözel metin,yorum/ilişki kurma,orta,orta,orta,orta,hayır,verileni ayır → uygun temsili kur → koşulu uygula → seçenek/sınırla kontrol et,seçenek eleme veya tersine çalışma; şekil sorusunda yardımcı çizgi/oran,bağlam veya birim koşulu,bağlam veya birim koşulu,kolay-orta,75,orta,9d388c3b579a,Baskın beceriye göre DRKOÇ editöryal sınıflandırması; soru metni yeniden yayımlanmamıştır.
2025,21,geçerli,https://dokuman.osym.gov.tr/pdfdokuman/2025/YKS/TSK/yks_tyt_2025_kitapcik_d250.pdf,Problemler,çok adımlı günlük yaşam modeli,nicelik-birim-denklem kurma,soyut/yarı bağlamsal,tek temsilli,sözel metin,yorum/ilişki kurma,düşük,orta,orta,orta,hayır,verileni ayır → uygun temsili kur → koşulu uygula → seçenek/sınırla kontrol et,seçenek eleme veya tersine çalışma; şekil sorusunda yardımcı çizgi/oran,bağlam veya birim koşulu,bağlam veya birim koşulu,kolay-orta,75,orta,b4fa8a77cd7d,Baskın beceriye göre DRKOÇ editöryal sınıflandırması; soru metni yeniden yayımlanmamıştır.
2025,22,geçerli,https://dokuman.osym.gov.tr/pdfdokuman/2025/YKS/TSK/yks_tyt_2025_kitapcik_d250.pdf,Problemler,çok adımlı günlük yaşam modeli,nicelik-birim-denklem kurma,günlük yaşam,çok temsilli,sözel metin+tablo+günlük yaşam senaryosu,yorum/ilişki kurma,düşük,yüksek,yüksek,yüksek,evet,verileni ayır → uygun temsili kur → koşulu uygula → seçenek/sınırla kontrol et,seçenek eleme veya tersine çalışma; şekil sorusunda yardımcı çizgi/oran,bağlam veya birim koşulu,bağlam veya birim koşulu,orta,105,orta,c1795dca0f4d,Baskın beceriye göre DRKOÇ editöryal sınıflandırması; soru metni yeniden yayımlanmamıştır.
2025,23,geçerli,https://dokuman.osym.gov.tr/pdfdokuman/2025/YKS/TSK/yks_tyt_2025_kitapcik_d250.pdf,Problemler,çok adımlı günlük yaşam modeli,nicelik-birim-denklem kurma,soyut/yarı bağlamsal,tek temsilli,sözel metin,yorum/ilişki kurma,düşük,orta,orta,orta,hayır,verileni ayır → uygun temsili kur → koşulu uygula → seçenek/sınırla kontrol et,seçenek eleme veya tersine çalışma; şekil sorusunda yardımcı çizgi/oran,bağlam veya birim koşulu,bağlam veya birim koşulu,kolay-orta,75,orta,6e559e0488be,Baskın beceriye göre DRKOÇ editöryal sınıflandırması; soru metni yeniden yayımlanmamıştır.
2025,24,geçerli,https://dokuman.osym.gov.tr/pdfdokuman/2025/YKS/TSK/yks_tyt_2025_kitapcik_d250.pdf,Problemler,çok adımlı günlük yaşam modeli,nicelik-birim-denklem kurma,günlük yaşam,çok temsilli,sözel metin+günlük yaşam senaryosu,yorum/ilişki kurma,orta,orta,yüksek,orta,evet,verileni ayır → uygun temsili kur → koşulu uygula → seçenek/sınırla kontrol et,seçenek eleme veya tersine çalışma; şekil sorusunda yardımcı çizgi/oran,bağlam veya birim koşulu,bağlam veya birim koşulu,orta,105,orta,58df4e771581,Baskın beceriye göre DRKOÇ editöryal sınıflandırması; soru metni yeniden yayımlanmamıştır.
2025,25,geçerli,https://dokuman.osym.gov.tr/pdfdokuman/2025/YKS/TSK/yks_tyt_2025_kitapcik_d250.pdf,Problemler,çok adımlı günlük yaşam modeli,nicelik-birim-denklem kurma,soyut/yarı bağlamsal,tek temsilli,sözel metin,yorum/ilişki kurma,orta,yüksek,orta,orta,hayır,verileni ayır → uygun temsili kur → koşulu uygula → seçenek/sınırla kontrol et,seçenek eleme veya tersine çalışma; şekil sorusunda yardımcı çizgi/oran,bağlam veya birim koşulu,bağlam veya birim koşulu,kolay-orta,75,orta,8387a860e706,Baskın beceriye göre DRKOÇ editöryal sınıflandırması; soru metni yeniden yayımlanmamıştır.
2025,26,geçerli,https://dokuman.osym.gov.tr/pdfdokuman/2025/YKS/TSK/yks_tyt_2025_kitapcik_d250.pdf,Problemler,çok adımlı günlük yaşam modeli,nicelik-birim-denklem kurma,günlük yaşam,çok temsilli,sözel metin+günlük yaşam senaryosu,yorum/ilişki kurma,orta,yüksek,yüksek,yüksek,evet,verileni ayır → uygun temsili kur → koşulu uygula → seçenek/sınırla kontrol et,seçenek eleme veya tersine çalışma; şekil sorusunda yardımcı çizgi/oran,bağlam veya birim koşulu,bağlam veya birim koşulu,zor,150,orta,4083a1289e86,Baskın beceriye göre DRKOÇ editöryal sınıflandırması; soru metni yeniden yayımlanmamıştır.
2025,27,geçerli,https://dokuman.osym.gov.tr/pdfdokuman/2025/YKS/TSK/yks_tyt_2025_kitapcik_d250.pdf,Problemler,çok adımlı günlük yaşam modeli,nicelik-birim-denklem kurma,soyut/yarı bağlamsal,tek temsilli,sözel metin,yorum/ilişki kurma,orta,orta,orta,orta,hayır,verileni ayır → uygun temsili kur → koşulu uygula → seçenek/sınırla kontrol et,seçenek eleme veya tersine çalışma; şekil sorusunda yardımcı çizgi/oran,bağlam veya birim koşulu,bağlam veya birim koşulu,kolay-orta,75,orta,b0d9cf9fefb3,Baskın beceriye göre DRKOÇ editöryal sınıflandırması; soru metni yeniden yayımlanmamıştır.
2025,28,geçerli,https://dokuman.osym.gov.tr/pdfdokuman/2025/YKS/TSK/yks_tyt_2025_kitapcik_d250.pdf,Problemler,çok adımlı günlük yaşam modeli,nicelik-birim-denklem kurma,günlük yaşam,çok temsilli,sözel metin+günlük yaşam senaryosu,yorum/ilişki kurma,orta,yüksek,yüksek,yüksek,evet,verileni ayır → uygun temsili kur → koşulu uygula → seçenek/sınırla kontrol et,seçenek eleme veya tersine çalışma; şekil sorusunda yardımcı çizgi/oran,bağlam veya birim koşulu,bağlam veya birim koşulu,zor,150,orta,50d2c4db0130,Baskın beceriye göre DRKOÇ editöryal sınıflandırması; soru metni yeniden yayımlanmamıştır.
2025,29,geçerli,https://dokuman.osym.gov.tr/pdfdokuman/2025/YKS/TSK/yks_tyt_2025_kitapcik_d250.pdf,Kümeler,küme işlemleri / Kartezyen çarpım,üyelik ve bölgeleri sınıflandırma,soyut/yarı bağlamsal,tek temsilli,sözel metin,yorum/ilişki kurma,düşük,orta,orta,orta,hayır,verileni ayır → uygun temsili kur → koşulu uygula → seçenek/sınırla kontrol et,seçenek eleme veya tersine çalışma; şekil sorusunda yardımcı çizgi/oran,kesişimi iki kez sayma,kesişimi iki kez sayma,kolay-orta,75,düşük,831893c4a607,Baskın beceriye göre DRKOÇ editöryal sınıflandırması; soru metni yeniden yayımlanmamıştır.
2025,30,geçerli,https://dokuman.osym.gov.tr/pdfdokuman/2025/YKS/TSK/yks_tyt_2025_kitapcik_d250.pdf,Olasılık,örnek uzay / olay,istenen ve tüm durumları sayma,soyut/yarı bağlamsal,tek temsilli,sözel metin,doğrudan bilgi+uygulama,düşük,düşük,düşük,orta,hayır,verileni ayır → uygun temsili kur → koşulu uygula → seçenek/sınırla kontrol et,seçenek eleme veya tersine çalışma; şekil sorusunda yardımcı çizgi/oran,eş olasılık veya tümleyen,eş olasılık veya tümleyen,kolay-orta,75,yüksek,d5cc11b9758e,Baskın beceriye göre DRKOÇ editöryal sınıflandırması; soru metni yeniden yayımlanmamıştır.
2025,31,geçerli,https://dokuman.osym.gov.tr/pdfdokuman/2025/YKS/TSK/yks_tyt_2025_kitapcik_d250.pdf,Açılar ve Üçgenler,açı-kenar / özel üçgen,şekilden zorunlu ilişki çıkarma,geometrik düzenek,çok temsilli,sözel metin+şekil,yorum/ilişki kurma,orta,orta,orta,orta,evet,verileni ayır → uygun temsili kur → koşulu uygula → seçenek/sınırla kontrol et,seçenek eleme veya tersine çalışma; şekil sorusunda yardımcı çizgi/oran,ölçeksiz şekilden varsayım,ölçeksiz şekilden varsayım,kolay-orta,75,orta,76b56691b849,Baskın beceriye göre DRKOÇ editöryal sınıflandırması; soru metni yeniden yayımlanmamıştır.
2025,32,geçerli,https://dokuman.osym.gov.tr/pdfdokuman/2025/YKS/TSK/yks_tyt_2025_kitapcik_d250.pdf,Açılar ve Üçgenler,açı-kenar / özel üçgen,şekilden zorunlu ilişki çıkarma,geometrik düzenek,çok temsilli,sözel metin+şekil,yorum/ilişki kurma,orta,düşük,düşük,orta,evet,verileni ayır → uygun temsili kur → koşulu uygula → seçenek/sınırla kontrol et,seçenek eleme veya tersine çalışma; şekil sorusunda yardımcı çizgi/oran,ölçeksiz şekilden varsayım,ölçeksiz şekilden varsayım,kolay-orta,75,orta,966b0e80583a,Baskın beceriye göre DRKOÇ editöryal sınıflandırması; soru metni yeniden yayımlanmamıştır.
2025,33,geçerli,https://dokuman.osym.gov.tr/pdfdokuman/2025/YKS/TSK/yks_tyt_2025_kitapcik_d250.pdf,Açılar ve Üçgenler,açı-kenar / özel üçgen,şekilden zorunlu ilişki çıkarma,geometrik düzenek,çok temsilli,sözel metin+şekil,yorum/ilişki kurma,düşük,orta,orta,orta,evet,verileni ayır → uygun temsili kur → koşulu uygula → seçenek/sınırla kontrol et,seçenek eleme veya tersine çalışma; şekil sorusunda yardımcı çizgi/oran,ölçeksiz şekilden varsayım,ölçeksiz şekilden varsayım,kolay-orta,75,orta,6c8ed8098a32,Baskın beceriye göre DRKOÇ editöryal sınıflandırması; soru metni yeniden yayımlanmamıştır.
2025,34,geçerli,https://dokuman.osym.gov.tr/pdfdokuman/2025/YKS/TSK/yks_tyt_2025_kitapcik_d250.pdf,Açılar ve Üçgenler,açı-kenar / özel üçgen,şekilden zorunlu ilişki çıkarma,geometrik düzenek,çok temsilli,sözel metin+şekil,yorum/ilişki kurma,orta,orta,orta,orta,evet,verileni ayır → uygun temsili kur → koşulu uygula → seçenek/sınırla kontrol et,seçenek eleme veya tersine çalışma; şekil sorusunda yardımcı çizgi/oran,ölçeksiz şekilden varsayım,ölçeksiz şekilden varsayım,kolay-orta,75,orta,fc2652f1ec0f,Baskın beceriye göre DRKOÇ editöryal sınıflandırması; soru metni yeniden yayımlanmamıştır.
2025,35,geçerli,https://dokuman.osym.gov.tr/pdfdokuman/2025/YKS/TSK/yks_tyt_2025_kitapcik_d250.pdf,Dörtgenler,kare-dikdörtgen-yamuk,parçalara ayırma ve alan/oran,geometrik düzenek,çok temsilli,sözel metin+şekil,yorum/ilişki kurma,orta,orta,orta,orta,evet,verileni ayır → uygun temsili kur → koşulu uygula → seçenek/sınırla kontrol et,seçenek eleme veya tersine çalışma; şekil sorusunda yardımcı çizgi/oran,özel dörtgen koşulu,özel dörtgen koşulu,kolay-orta,75,orta,b0eee67a6059,Baskın beceriye göre DRKOÇ editöryal sınıflandırması; soru metni yeniden yayımlanmamıştır.
2025,36,geçerli,https://dokuman.osym.gov.tr/pdfdokuman/2025/YKS/TSK/yks_tyt_2025_kitapcik_d250.pdf,Dörtgenler,kare-dikdörtgen-yamuk,parçalara ayırma ve alan/oran,geometrik düzenek,çok temsilli,sözel metin+şekil,yorum/ilişki kurma,orta,orta,orta,orta,evet,verileni ayır → uygun temsili kur → koşulu uygula → seçenek/sınırla kontrol et,seçenek eleme veya tersine çalışma; şekil sorusunda yardımcı çizgi/oran,özel dörtgen koşulu,özel dörtgen koşulu,kolay-orta,75,orta,77dcedafe410,Baskın beceriye göre DRKOÇ editöryal sınıflandırması; soru metni yeniden yayımlanmamıştır.
2025,37,geçerli,https://dokuman.osym.gov.tr/pdfdokuman/2025/YKS/TSK/yks_tyt_2025_kitapcik_d250.pdf,Dörtgenler,kare-dikdörtgen-yamuk,parçalara ayırma ve alan/oran,geometrik düzenek,çok temsilli,sözel metin+şekil,yorum/ilişki kurma,orta,orta,orta,orta,evet,verileni ayır → uygun temsili kur → koşulu uygula → seçenek/sınırla kontrol et,seçenek eleme veya tersine çalışma; şekil sorusunda yardımcı çizgi/oran,özel dörtgen koşulu,özel dörtgen koşulu,kolay-orta,75,orta,3e622970ee6b,Baskın beceriye göre DRKOÇ editöryal sınıflandırması; soru metni yeniden yayımlanmamıştır.
2025,38,geçerli,https://dokuman.osym.gov.tr/pdfdokuman/2025/YKS/TSK/yks_tyt_2025_kitapcik_d250.pdf,Çokgenler,iç-dış açı / düzgün çokgen,üçgenlere ayırma,geometrik düzenek,tek temsilli,şekil,yorum/ilişki kurma,düşük,düşük,düşük,orta,hayır,verileni ayır → uygun temsili kur → koşulu uygula → seçenek/sınırla kontrol et,seçenek eleme veya tersine çalışma; şekil sorusunda yardımcı çizgi/oran,iç ve dış açıyı karıştırma,iç ve dış açıyı karıştırma,kolay-orta,75,düşük,metin-cikmadi,Baskın beceriye göre DRKOÇ editöryal sınıflandırması; soru metni yeniden yayımlanmamıştır.
2025,39,geçerli,https://dokuman.osym.gov.tr/pdfdokuman/2025/YKS/TSK/yks_tyt_2025_kitapcik_d250.pdf,Katı Cisimler,yüzey / hacim / açınım,üç boyutlu modeli parçalama,geometrik düzenek,tek temsilli,şekil,yorum/ilişki kurma,düşük,düşük,düşük,orta,hayır,verileni ayır → uygun temsili kur → koşulu uygula → seçenek/sınırla kontrol et,seçenek eleme veya tersine çalışma; şekil sorusunda yardımcı çizgi/oran,alan-hacim ve birim ayrımı,alan-hacim ve birim ayrımı,kolay-orta,75,düşük,metin-cikmadi,Baskın beceriye göre DRKOÇ editöryal sınıflandırması; soru metni yeniden yayımlanmamıştır.
2025,40,geçerli,https://dokuman.osym.gov.tr/pdfdokuman/2025/YKS/TSK/yks_tyt_2025_kitapcik_d250.pdf,Katı Cisimler,yüzey / hacim / açınım,üç boyutlu modeli parçalama,geometrik düzenek,tek temsilli,şekil,yorum/ilişki kurma,düşük,düşük,düşük,orta,hayır,verileni ayır → uygun temsili kur → koşulu uygula → seçenek/sınırla kontrol et,seçenek eleme veya tersine çalışma; şekil sorusunda yardımcı çizgi/oran,alan-hacim ve birim ayrımı,alan-hacim ve birim ayrımı,kolay-orta,75,düşük,metin-cikmadi,Baskın beceriye göre DRKOÇ editöryal sınıflandırması; soru metni yeniden yayımlanmamıştır.
2026,1,geçerli,https://dokuman.osym.gov.tr/pdfdokuman/2026/YKS/TSK/yks_tyt_2026_kitapcik_d350.pdf,Rasyonel Sayılar,kesir / ondalık gösterim,eş değer gösterimleri dönüştürme,soyut/yarı bağlamsal,tek temsilli,sözel metin,doğrudan bilgi+uygulama,orta,düşük,düşük,orta,hayır,verileni ayır → uygun temsili kur → koşulu uygula → seçenek/sınırla kontrol et,seçenek eleme veya tersine çalışma; şekil sorusunda yardımcı çizgi/oran,payda ve işlem önceliği,payda ve işlem önceliği,kolay-orta,75,yüksek,118c81acd112,Baskın beceriye göre DRKOÇ editöryal sınıflandırması; soru metni yeniden yayımlanmamıştır.
2026,2,geçerli,https://dokuman.osym.gov.tr/pdfdokuman/2026/YKS/TSK/yks_tyt_2026_kitapcik_d350.pdf,Üslü Sayılar,üs kuralları / katlanma,ortak tabana dönüştürme,soyut/yarı bağlamsal,çok temsilli,sözel metin+tablo,doğrudan bilgi+uygulama,düşük,düşük,düşük,orta,evet,verileni ayır → uygun temsili kur → koşulu uygula → seçenek/sınırla kontrol et,seçenek eleme veya tersine çalışma; şekil sorusunda yardımcı çizgi/oran,toplamda üs birleştirme,toplamda üs birleştirme,kolay-orta,75,yüksek,054475f21b80,Baskın beceriye göre DRKOÇ editöryal sınıflandırması; soru metni yeniden yayımlanmamıştır.
2026,3,geçerli,https://dokuman.osym.gov.tr/pdfdokuman/2026/YKS/TSK/yks_tyt_2026_kitapcik_d350.pdf,Temel Kavramlar,sayı özelliği / yeni tanım,koşulu matematik diline çevirme,günlük yaşam,çok temsilli,sözel metin+günlük yaşam senaryosu,doğrudan bilgi+uygulama,düşük,düşük,yüksek,orta,evet,verileni ayır → uygun temsili kur → koşulu uygula → seçenek/sınırla kontrol et,seçenek eleme veya tersine çalışma; şekil sorusunda yardımcı çizgi/oran,örnek ve karşı örnek,örnek ve karşı örnek,orta,105,yüksek,e26c00eca132,Baskın beceriye göre DRKOÇ editöryal sınıflandırması; soru metni yeniden yayımlanmamıştır.
2026,4,geçerli,https://dokuman.osym.gov.tr/pdfdokuman/2026/YKS/TSK/yks_tyt_2026_kitapcik_d350.pdf,Temel Kavramlar,sayı özelliği / yeni tanım,koşulu matematik diline çevirme,soyut/yarı bağlamsal,tek temsilli,sözel metin,yorum/ilişki kurma,orta,orta,orta,orta,hayır,verileni ayır → uygun temsili kur → koşulu uygula → seçenek/sınırla kontrol et,seçenek eleme veya tersine çalışma; şekil sorusunda yardımcı çizgi/oran,örnek ve karşı örnek,örnek ve karşı örnek,kolay-orta,75,düşük,ac01203d05c5,Baskın beceriye göre DRKOÇ editöryal sınıflandırması; soru metni yeniden yayımlanmamıştır.
2026,5,geçerli,https://dokuman.osym.gov.tr/pdfdokuman/2026/YKS/TSK/yks_tyt_2026_kitapcik_d350.pdf,Denklem Çözme,doğrusal veya ikinci derece ilişki,eşitliği koruyan dönüşüm,soyut/yarı bağlamsal,tek temsilli,sözel metin,yorum/ilişki kurma,orta,orta,orta,orta,hayır,verileni ayır → uygun temsili kur → koşulu uygula → seçenek/sınırla kontrol et,seçenek eleme veya tersine çalışma; şekil sorusunda yardımcı çizgi/oran,aday kökü kontrol etmeme,aday kökü kontrol etmeme,kolay-orta,75,yüksek,2efdef14aea8,Baskın beceriye göre DRKOÇ editöryal sınıflandırması; soru metni yeniden yayımlanmamıştır.
2026,6,geçerli,https://dokuman.osym.gov.tr/pdfdokuman/2026/YKS/TSK/yks_tyt_2026_kitapcik_d350.pdf,OBEB - OKEK,asal çarpan / ortak bölen-kat,çarpan yapısını modelleme,soyut/yarı bağlamsal,tek temsilli,sözel metin,yorum/ilişki kurma,orta,orta,orta,orta,hayır,verileni ayır → uygun temsili kur → koşulu uygula → seçenek/sınırla kontrol et,seçenek eleme veya tersine çalışma; şekil sorusunda yardımcı çizgi/oran,EBOB ile OKEK'i karıştırma,EBOB ile OKEK'i karıştırma,kolay-orta,75,yüksek,e0e5690bf8e7,Baskın beceriye göre DRKOÇ editöryal sınıflandırması; soru metni yeniden yayımlanmamıştır.
2026,7,geçerli,https://dokuman.osym.gov.tr/pdfdokuman/2026/YKS/TSK/yks_tyt_2026_kitapcik_d350.pdf,Mutlak Değer,uzaklık ve parçalı koşul,mutlak değer denklemi kurma,soyut/yarı bağlamsal,tek temsilli,sözel metin,yorum/ilişki kurma,düşük,orta,orta,orta,hayır,verileni ayır → uygun temsili kur → koşulu uygula → seçenek/sınırla kontrol et,seçenek eleme veya tersine çalışma; şekil sorusunda yardımcı çizgi/oran,tek dal alma,tek dal alma,kolay-orta,75,yüksek,e989d3c2db9b,Baskın beceriye göre DRKOÇ editöryal sınıflandırması; soru metni yeniden yayımlanmamıştır.
2026,8,geçerli,https://dokuman.osym.gov.tr/pdfdokuman/2026/YKS/TSK/yks_tyt_2026_kitapcik_d350.pdf,Sayı Basamakları,rakam ve basamak koşulları,basamak çözümlemesi,soyut/yarı bağlamsal,tek temsilli,sözel metin,yorum/ilişki kurma,orta,orta,orta,orta,hayır,verileni ayır → uygun temsili kur → koşulu uygula → seçenek/sınırla kontrol et,seçenek eleme veya tersine çalışma; şekil sorusunda yardımcı çizgi/oran,baştaki sıfır veya farklı rakam koşulu,baştaki sıfır veya farklı rakam koşulu,kolay-orta,75,yüksek,5be38a724e43,Baskın beceriye göre DRKOÇ editöryal sınıflandırması; soru metni yeniden yayımlanmamıştır.
2026,9,geçerli,https://dokuman.osym.gov.tr/pdfdokuman/2026/YKS/TSK/yks_tyt_2026_kitapcik_d350.pdf,Problemler,çok adımlı günlük yaşam modeli,nicelik-birim-denklem kurma,günlük yaşam,çok temsilli,sözel metin+tablo+günlük yaşam senaryosu,yorum/ilişki kurma,orta,orta,yüksek,orta,evet,verileni ayır → uygun temsili kur → koşulu uygula → seçenek/sınırla kontrol et,seçenek eleme veya tersine çalışma; şekil sorusunda yardımcı çizgi/oran,bağlam veya birim koşulu,bağlam veya birim koşulu,orta,105,yüksek,a6d77a82f20b,Baskın beceriye göre DRKOÇ editöryal sınıflandırması; soru metni yeniden yayımlanmamıştır.
2026,10,geçerli,https://dokuman.osym.gov.tr/pdfdokuman/2026/YKS/TSK/yks_tyt_2026_kitapcik_d350.pdf,Kümeler,küme işlemleri / Kartezyen çarpım,üyelik ve bölgeleri sınıflandırma,soyut/yarı bağlamsal,tek temsilli,sözel metin,yorum/ilişki kurma,düşük,orta,orta,orta,hayır,verileni ayır → uygun temsili kur → koşulu uygula → seçenek/sınırla kontrol et,seçenek eleme veya tersine çalışma; şekil sorusunda yardımcı çizgi/oran,kesişimi iki kez sayma,kesişimi iki kez sayma,kolay-orta,75,yüksek,29e16129797d,Baskın beceriye göre DRKOÇ editöryal sınıflandırması; soru metni yeniden yayımlanmamıştır.
2026,11,geçerli,https://dokuman.osym.gov.tr/pdfdokuman/2026/YKS/TSK/yks_tyt_2026_kitapcik_d350.pdf,Mantık,önerme / niceleyici / koşul,doğruluk ve koşul eleme,soyut/yarı bağlamsal,tek temsilli,sözel metin,yorum/ilişki kurma,düşük,orta,orta,orta,hayır,verileni ayır → uygun temsili kur → koşulu uygula → seçenek/sınırla kontrol et,seçenek eleme veya tersine çalışma; şekil sorusunda yardımcı çizgi/oran,ve ile veya bağlacını karıştırma,ve ile veya bağlacını karıştırma,kolay-orta,75,yüksek,8b85f0c5e229,Baskın beceriye göre DRKOÇ editöryal sınıflandırması; soru metni yeniden yayımlanmamıştır.
2026,12,geçerli,https://dokuman.osym.gov.tr/pdfdokuman/2026/YKS/TSK/yks_tyt_2026_kitapcik_d350.pdf,Fonksiyonlar,girdi-çıktı / grafik,temsil dönüşümü ve değer bulma,soyut/yarı bağlamsal,çok temsilli,sözel metin+grafik,doğrudan bilgi+uygulama,orta,düşük,düşük,orta,evet,verileni ayır → uygun temsili kur → koşulu uygula → seçenek/sınırla kontrol et,seçenek eleme veya tersine çalışma; şekil sorusunda yardımcı çizgi/oran,tanım kümesi veya bileşke sırası,tanım kümesi veya bileşke sırası,kolay-orta,75,yüksek,b7430f72eeee,Baskın beceriye göre DRKOÇ editöryal sınıflandırması; soru metni yeniden yayımlanmamıştır.
2026,13,geçerli,https://dokuman.osym.gov.tr/pdfdokuman/2026/YKS/TSK/yks_tyt_2026_kitapcik_d350.pdf,Bölme ve Bölünebilme,bölüm-kalan / bölünebilme,kalan ilişkisi kurma,soyut/yarı bağlamsal,tek temsilli,sözel metin,yorum/ilişki kurma,orta,orta,orta,orta,hayır,verileni ayır → uygun temsili kur → koşulu uygula → seçenek/sınırla kontrol et,seçenek eleme veya tersine çalışma; şekil sorusunda yardımcı çizgi/oran,kalan sınırı,kalan sınırı,kolay-orta,75,yüksek,feec33a99856,Baskın beceriye göre DRKOÇ editöryal sınıflandırması; soru metni yeniden yayımlanmamıştır.
2026,14,geçerli,https://dokuman.osym.gov.tr/pdfdokuman/2026/YKS/TSK/yks_tyt_2026_kitapcik_d350.pdf,Sayma,çarpma ilkesi / seçim-sıralama,durumları eksiksiz sayma,soyut/yarı bağlamsal,tek temsilli,sözel metin,yorum/ilişki kurma,orta,orta,orta,orta,hayır,verileni ayır → uygun temsili kur → koşulu uygula → seçenek/sınırla kontrol et,seçenek eleme veya tersine çalışma; şekil sorusunda yardımcı çizgi/oran,sıra veya tekrar koşulu,sıra veya tekrar koşulu,kolay-orta,75,yüksek,8bdc35a0e39d,Baskın beceriye göre DRKOÇ editöryal sınıflandırması; soru metni yeniden yayımlanmamıştır.
2026,15,geçerli,https://dokuman.osym.gov.tr/pdfdokuman/2026/YKS/TSK/yks_tyt_2026_kitapcik_d350.pdf,Sayı Basamakları,rakam ve basamak koşulları,basamak çözümlemesi,soyut/yarı bağlamsal,tek temsilli,sözel metin,doğrudan bilgi+uygulama,orta,düşük,düşük,orta,hayır,verileni ayır → uygun temsili kur → koşulu uygula → seçenek/sınırla kontrol et,seçenek eleme veya tersine çalışma; şekil sorusunda yardımcı çizgi/oran,baştaki sıfır veya farklı rakam koşulu,baştaki sıfır veya farklı rakam koşulu,kolay-orta,75,yüksek,1673e96fe8d0,Baskın beceriye göre DRKOÇ editöryal sınıflandırması; soru metni yeniden yayımlanmamıştır.
2026,16,geçerli,https://dokuman.osym.gov.tr/pdfdokuman/2026/YKS/TSK/yks_tyt_2026_kitapcik_d350.pdf,İstatistik ve Veri Analizi,tablo-grafik / merkez ölçüsü,veriyi temsil ve karşılaştırma,soyut/yarı bağlamsal,tek temsilli,sözel metin,yorum/ilişki kurma,orta,yüksek,orta,orta,hayır,verileni ayır → uygun temsili kur → koşulu uygula → seçenek/sınırla kontrol et,seçenek eleme veya tersine çalışma; şekil sorusunda yardımcı çizgi/oran,ölçek veya ağırlıklı ortalama,ölçek veya ağırlıklı ortalama,kolay-orta,75,yüksek,1b7a313962f6,Baskın beceriye göre DRKOÇ editöryal sınıflandırması; soru metni yeniden yayımlanmamıştır.
2026,17,geçerli,https://dokuman.osym.gov.tr/pdfdokuman/2026/YKS/TSK/yks_tyt_2026_kitapcik_d350.pdf,Problemler,çok adımlı günlük yaşam modeli,nicelik-birim-denklem kurma,soyut/yarı bağlamsal,tek temsilli,sözel metin,yorum/ilişki kurma,düşük,orta,orta,orta,hayır,verileni ayır → uygun temsili kur → koşulu uygula → seçenek/sınırla kontrol et,seçenek eleme veya tersine çalışma; şekil sorusunda yardımcı çizgi/oran,bağlam veya birim koşulu,bağlam veya birim koşulu,kolay-orta,75,düşük,70123e5409f0,Baskın beceriye göre DRKOÇ editöryal sınıflandırması; soru metni yeniden yayımlanmamıştır.
2026,18,geçerli,https://dokuman.osym.gov.tr/pdfdokuman/2026/YKS/TSK/yks_tyt_2026_kitapcik_d350.pdf,Problemler,çok adımlı günlük yaşam modeli,nicelik-birim-denklem kurma,soyut/yarı bağlamsal,tek temsilli,sözel metin,yorum/ilişki kurma,orta,orta,orta,orta,hayır,verileni ayır → uygun temsili kur → koşulu uygula → seçenek/sınırla kontrol et,seçenek eleme veya tersine çalışma; şekil sorusunda yardımcı çizgi/oran,bağlam veya birim koşulu,bağlam veya birim koşulu,kolay-orta,75,yüksek,dd6496ca7401,Baskın beceriye göre DRKOÇ editöryal sınıflandırması; soru metni yeniden yayımlanmamıştır.
2026,19,geçerli,https://dokuman.osym.gov.tr/pdfdokuman/2026/YKS/TSK/yks_tyt_2026_kitapcik_d350.pdf,Problemler,çok adımlı günlük yaşam modeli,nicelik-birim-denklem kurma,soyut/yarı bağlamsal,tek temsilli,sözel metin,yorum/ilişki kurma,düşük,orta,orta,orta,hayır,verileni ayır → uygun temsili kur → koşulu uygula → seçenek/sınırla kontrol et,seçenek eleme veya tersine çalışma; şekil sorusunda yardımcı çizgi/oran,bağlam veya birim koşulu,bağlam veya birim koşulu,kolay-orta,75,yüksek,d9dcac91615b,Baskın beceriye göre DRKOÇ editöryal sınıflandırması; soru metni yeniden yayımlanmamıştır.
2026,20,geçerli,https://dokuman.osym.gov.tr/pdfdokuman/2026/YKS/TSK/yks_tyt_2026_kitapcik_d350.pdf,Problemler,çok adımlı günlük yaşam modeli,nicelik-birim-denklem kurma,soyut/yarı bağlamsal,tek temsilli,sözel metin,doğrudan bilgi+uygulama,orta,düşük,düşük,orta,hayır,verileni ayır → uygun temsili kur → koşulu uygula → seçenek/sınırla kontrol et,seçenek eleme veya tersine çalışma; şekil sorusunda yardımcı çizgi/oran,bağlam veya birim koşulu,bağlam veya birim koşulu,kolay-orta,75,yüksek,2ddb0070e71e,Baskın beceriye göre DRKOÇ editöryal sınıflandırması; soru metni yeniden yayımlanmamıştır.
2026,21,geçerli,https://dokuman.osym.gov.tr/pdfdokuman/2026/YKS/TSK/yks_tyt_2026_kitapcik_d350.pdf,Problemler,çok adımlı günlük yaşam modeli,nicelik-birim-denklem kurma,günlük yaşam,çok temsilli,sözel metin+tablo+günlük yaşam senaryosu,yorum/ilişki kurma,orta,orta,yüksek,orta,evet,verileni ayır → uygun temsili kur → koşulu uygula → seçenek/sınırla kontrol et,seçenek eleme veya tersine çalışma; şekil sorusunda yardımcı çizgi/oran,bağlam veya birim koşulu,bağlam veya birim koşulu,orta,105,yüksek,6434ae592cec,Baskın beceriye göre DRKOÇ editöryal sınıflandırması; soru metni yeniden yayımlanmamıştır.
2026,22,geçerli,https://dokuman.osym.gov.tr/pdfdokuman/2026/YKS/TSK/yks_tyt_2026_kitapcik_d350.pdf,Problemler,çok adımlı günlük yaşam modeli,nicelik-birim-denklem kurma,günlük yaşam,çok temsilli,sözel metin+günlük yaşam senaryosu,yorum/ilişki kurma,düşük,yüksek,yüksek,yüksek,evet,verileni ayır → uygun temsili kur → koşulu uygula → seçenek/sınırla kontrol et,seçenek eleme veya tersine çalışma; şekil sorusunda yardımcı çizgi/oran,bağlam veya birim koşulu,bağlam veya birim koşulu,orta,105,yüksek,07cdc908d895,Baskın beceriye göre DRKOÇ editöryal sınıflandırması; soru metni yeniden yayımlanmamıştır.
2026,23,geçerli,https://dokuman.osym.gov.tr/pdfdokuman/2026/YKS/TSK/yks_tyt_2026_kitapcik_d350.pdf,Problemler,çok adımlı günlük yaşam modeli,nicelik-birim-denklem kurma,günlük yaşam,çok temsilli,sözel metin+grafik+günlük yaşam senaryosu,doğrudan bilgi+uygulama,orta,düşük,yüksek,orta,evet,verileni ayır → uygun temsili kur → koşulu uygula → seçenek/sınırla kontrol et,seçenek eleme veya tersine çalışma; şekil sorusunda yardımcı çizgi/oran,bağlam veya birim koşulu,bağlam veya birim koşulu,orta,105,düşük,c11ea55864f0,Baskın beceriye göre DRKOÇ editöryal sınıflandırması; soru metni yeniden yayımlanmamıştır.
2026,24,geçerli,https://dokuman.osym.gov.tr/pdfdokuman/2026/YKS/TSK/yks_tyt_2026_kitapcik_d350.pdf,Problemler,çok adımlı günlük yaşam modeli,nicelik-birim-denklem kurma,günlük yaşam,çok temsilli,sözel metin+günlük yaşam senaryosu,yorum/ilişki kurma,orta,orta,yüksek,orta,evet,verileni ayır → uygun temsili kur → koşulu uygula → seçenek/sınırla kontrol et,seçenek eleme veya tersine çalışma; şekil sorusunda yardımcı çizgi/oran,bağlam veya birim koşulu,bağlam veya birim koşulu,orta,105,düşük,f3208f722221,Baskın beceriye göre DRKOÇ editöryal sınıflandırması; soru metni yeniden yayımlanmamıştır.
2026,25,geçerli,https://dokuman.osym.gov.tr/pdfdokuman/2026/YKS/TSK/yks_tyt_2026_kitapcik_d350.pdf,Problemler,çok adımlı günlük yaşam modeli,nicelik-birim-denklem kurma,soyut/yarı bağlamsal,tek temsilli,sözel metin,yorum/ilişki kurma,orta,orta,orta,orta,hayır,verileni ayır → uygun temsili kur → koşulu uygula → seçenek/sınırla kontrol et,seçenek eleme veya tersine çalışma; şekil sorusunda yardımcı çizgi/oran,bağlam veya birim koşulu,bağlam veya birim koşulu,kolay-orta,75,yüksek,d8b77f07efc1,Baskın beceriye göre DRKOÇ editöryal sınıflandırması; soru metni yeniden yayımlanmamıştır.
2026,26,geçerli,https://dokuman.osym.gov.tr/pdfdokuman/2026/YKS/TSK/yks_tyt_2026_kitapcik_d350.pdf,Problemler,çok adımlı günlük yaşam modeli,nicelik-birim-denklem kurma,soyut/yarı bağlamsal,tek temsilli,sözel metin,yorum/ilişki kurma,orta,orta,orta,orta,hayır,verileni ayır → uygun temsili kur → koşulu uygula → seçenek/sınırla kontrol et,seçenek eleme veya tersine çalışma; şekil sorusunda yardımcı çizgi/oran,bağlam veya birim koşulu,bağlam veya birim koşulu,kolay-orta,75,yüksek,4d4a9a349c5f,Baskın beceriye göre DRKOÇ editöryal sınıflandırması; soru metni yeniden yayımlanmamıştır.
2026,27,geçerli,https://dokuman.osym.gov.tr/pdfdokuman/2026/YKS/TSK/yks_tyt_2026_kitapcik_d350.pdf,Problemler,çok adımlı günlük yaşam modeli,nicelik-birim-denklem kurma,soyut/yarı bağlamsal,tek temsilli,sözel metin,yorum/ilişki kurma,orta,orta,orta,orta,hayır,verileni ayır → uygun temsili kur → koşulu uygula → seçenek/sınırla kontrol et,seçenek eleme veya tersine çalışma; şekil sorusunda yardımcı çizgi/oran,bağlam veya birim koşulu,bağlam veya birim koşulu,kolay-orta,75,yüksek,46cc209adaa1,Baskın beceriye göre DRKOÇ editöryal sınıflandırması; soru metni yeniden yayımlanmamıştır.
2026,28,geçerli,https://dokuman.osym.gov.tr/pdfdokuman/2026/YKS/TSK/yks_tyt_2026_kitapcik_d350.pdf,Problemler,çok adımlı günlük yaşam modeli,nicelik-birim-denklem kurma,soyut/yarı bağlamsal,tek temsilli,sözel metin,yorum/ilişki kurma,orta,orta,orta,orta,hayır,verileni ayır → uygun temsili kur → koşulu uygula → seçenek/sınırla kontrol et,seçenek eleme veya tersine çalışma; şekil sorusunda yardımcı çizgi/oran,bağlam veya birim koşulu,bağlam veya birim koşulu,kolay-orta,75,düşük,0bea8ddb81c6,Baskın beceriye göre DRKOÇ editöryal sınıflandırması; soru metni yeniden yayımlanmamıştır.
2026,29,geçerli,https://dokuman.osym.gov.tr/pdfdokuman/2026/YKS/TSK/yks_tyt_2026_kitapcik_d350.pdf,Temel Kavramlar,sayı özelliği / yeni tanım,koşulu matematik diline çevirme,soyut/yarı bağlamsal,çok temsilli,sözel metin+tablo,yorum/ilişki kurma,düşük,orta,orta,orta,evet,verileni ayır → uygun temsili kur → koşulu uygula → seçenek/sınırla kontrol et,seçenek eleme veya tersine çalışma; şekil sorusunda yardımcı çizgi/oran,örnek ve karşı örnek,örnek ve karşı örnek,kolay-orta,75,düşük,117b9486d4f6,Baskın beceriye göre DRKOÇ editöryal sınıflandırması; soru metni yeniden yayımlanmamıştır.
2026,30,geçerli,https://dokuman.osym.gov.tr/pdfdokuman/2026/YKS/TSK/yks_tyt_2026_kitapcik_d350.pdf,Olasılık,örnek uzay / olay,istenen ve tüm durumları sayma,günlük yaşam,çok temsilli,sözel metin+günlük yaşam senaryosu,yorum/ilişki kurma,düşük,orta,yüksek,orta,evet,verileni ayır → uygun temsili kur → koşulu uygula → seçenek/sınırla kontrol et,seçenek eleme veya tersine çalışma; şekil sorusunda yardımcı çizgi/oran,eş olasılık veya tümleyen,eş olasılık veya tümleyen,orta,105,yüksek,427426915971,Baskın beceriye göre DRKOÇ editöryal sınıflandırması; soru metni yeniden yayımlanmamıştır.
2026,31,geçerli,https://dokuman.osym.gov.tr/pdfdokuman/2026/YKS/TSK/yks_tyt_2026_kitapcik_d350.pdf,Açılar ve Üçgenler,açı-kenar / özel üçgen,şekilden zorunlu ilişki çıkarma,geometrik düzenek,çok temsilli,sözel metin+şekil,yorum/ilişki kurma,düşük,düşük,düşük,orta,evet,verileni ayır → uygun temsili kur → koşulu uygula → seçenek/sınırla kontrol et,seçenek eleme veya tersine çalışma; şekil sorusunda yardımcı çizgi/oran,ölçeksiz şekilden varsayım,ölçeksiz şekilden varsayım,kolay-orta,75,orta,4131d6abfdff,Baskın beceriye göre DRKOÇ editöryal sınıflandırması; soru metni yeniden yayımlanmamıştır.
2026,32,geçerli,https://dokuman.osym.gov.tr/pdfdokuman/2026/YKS/TSK/yks_tyt_2026_kitapcik_d350.pdf,Açılar ve Üçgenler,açı-kenar / özel üçgen,şekilden zorunlu ilişki çıkarma,geometrik düzenek,çok temsilli,sözel metin+şekil,yorum/ilişki kurma,orta,orta,orta,orta,evet,verileni ayır → uygun temsili kur → koşulu uygula → seçenek/sınırla kontrol et,seçenek eleme veya tersine çalışma; şekil sorusunda yardımcı çizgi/oran,ölçeksiz şekilden varsayım,ölçeksiz şekilden varsayım,kolay-orta,75,orta,56005efa7187,Baskın beceriye göre DRKOÇ editöryal sınıflandırması; soru metni yeniden yayımlanmamıştır.
2026,33,geçerli,https://dokuman.osym.gov.tr/pdfdokuman/2026/YKS/TSK/yks_tyt_2026_kitapcik_d350.pdf,Açılar ve Üçgenler,açı-kenar / özel üçgen,şekilden zorunlu ilişki çıkarma,geometrik düzenek,çok temsilli,sözel metin+şekil,yorum/ilişki kurma,orta,orta,orta,orta,evet,verileni ayır → uygun temsili kur → koşulu uygula → seçenek/sınırla kontrol et,seçenek eleme veya tersine çalışma; şekil sorusunda yardımcı çizgi/oran,ölçeksiz şekilden varsayım,ölçeksiz şekilden varsayım,kolay-orta,75,orta,2899f1890a02,Baskın beceriye göre DRKOÇ editöryal sınıflandırması; soru metni yeniden yayımlanmamıştır.
2026,34,geçerli,https://dokuman.osym.gov.tr/pdfdokuman/2026/YKS/TSK/yks_tyt_2026_kitapcik_d350.pdf,Açılar ve Üçgenler,açı-kenar / özel üçgen,şekilden zorunlu ilişki çıkarma,geometrik düzenek,çok temsilli,sözel metin+şekil,yorum/ilişki kurma,düşük,orta,orta,orta,evet,verileni ayır → uygun temsili kur → koşulu uygula → seçenek/sınırla kontrol et,seçenek eleme veya tersine çalışma; şekil sorusunda yardımcı çizgi/oran,ölçeksiz şekilden varsayım,ölçeksiz şekilden varsayım,kolay-orta,75,orta,0b4d9f2089a2,Baskın beceriye göre DRKOÇ editöryal sınıflandırması; soru metni yeniden yayımlanmamıştır.
2026,35,geçerli,https://dokuman.osym.gov.tr/pdfdokuman/2026/YKS/TSK/yks_tyt_2026_kitapcik_d350.pdf,Açılar ve Üçgenler,açı-kenar / özel üçgen,şekilden zorunlu ilişki çıkarma,geometrik düzenek,çok temsilli,sözel metin+şekil,yorum/ilişki kurma,orta,orta,orta,orta,evet,verileni ayır → uygun temsili kur → koşulu uygula → seçenek/sınırla kontrol et,seçenek eleme veya tersine çalışma; şekil sorusunda yardımcı çizgi/oran,ölçeksiz şekilden varsayım,ölçeksiz şekilden varsayım,kolay-orta,75,orta,46c163913956,Baskın beceriye göre DRKOÇ editöryal sınıflandırması; soru metni yeniden yayımlanmamıştır.
2026,36,geçerli,https://dokuman.osym.gov.tr/pdfdokuman/2026/YKS/TSK/yks_tyt_2026_kitapcik_d350.pdf,Dörtgenler,kare-dikdörtgen-yamuk,parçalara ayırma ve alan/oran,geometrik düzenek,çok temsilli,sözel metin+şekil,yorum/ilişki kurma,orta,orta,orta,orta,evet,verileni ayır → uygun temsili kur → koşulu uygula → seçenek/sınırla kontrol et,seçenek eleme veya tersine çalışma; şekil sorusunda yardımcı çizgi/oran,özel dörtgen koşulu,özel dörtgen koşulu,kolay-orta,75,orta,bd27ef8249d0,Baskın beceriye göre DRKOÇ editöryal sınıflandırması; soru metni yeniden yayımlanmamıştır.
2026,37,geçerli,https://dokuman.osym.gov.tr/pdfdokuman/2026/YKS/TSK/yks_tyt_2026_kitapcik_d350.pdf,Dörtgenler,kare-dikdörtgen-yamuk,parçalara ayırma ve alan/oran,geometrik düzenek,çok temsilli,sözel metin+şekil,yorum/ilişki kurma,orta,yüksek,orta,yüksek,evet,verileni ayır → uygun temsili kur → koşulu uygula → seçenek/sınırla kontrol et,seçenek eleme veya tersine çalışma; şekil sorusunda yardımcı çizgi/oran,özel dörtgen koşulu,özel dörtgen koşulu,zor,150,orta,17f640946413,Baskın beceriye göre DRKOÇ editöryal sınıflandırması; soru metni yeniden yayımlanmamıştır.
2026,38,geçerli,https://dokuman.osym.gov.tr/pdfdokuman/2026/YKS/TSK/yks_tyt_2026_kitapcik_d350.pdf,Çokgenler,iç-dış açı / düzgün çokgen,üçgenlere ayırma,geometrik düzenek,tek temsilli,şekil,yorum/ilişki kurma,düşük,düşük,düşük,orta,hayır,verileni ayır → uygun temsili kur → koşulu uygula → seçenek/sınırla kontrol et,seçenek eleme veya tersine çalışma; şekil sorusunda yardımcı çizgi/oran,iç ve dış açıyı karıştırma,iç ve dış açıyı karıştırma,kolay-orta,75,düşük,metin-cikmadi,Baskın beceriye göre DRKOÇ editöryal sınıflandırması; soru metni yeniden yayımlanmamıştır.
2026,39,geçerli,https://dokuman.osym.gov.tr/pdfdokuman/2026/YKS/TSK/yks_tyt_2026_kitapcik_d350.pdf,Katı Cisimler,yüzey / hacim / açınım,üç boyutlu modeli parçalama,geometrik düzenek,tek temsilli,şekil,yorum/ilişki kurma,düşük,düşük,düşük,orta,hayır,verileni ayır → uygun temsili kur → koşulu uygula → seçenek/sınırla kontrol et,seçenek eleme veya tersine çalışma; şekil sorusunda yardımcı çizgi/oran,alan-hacim ve birim ayrımı,alan-hacim ve birim ayrımı,kolay-orta,75,düşük,metin-cikmadi,Baskın beceriye göre DRKOÇ editöryal sınıflandırması; soru metni yeniden yayımlanmamıştır.
2026,40,geçerli,https://dokuman.osym.gov.tr/pdfdokuman/2026/YKS/TSK/yks_tyt_2026_kitapcik_d350.pdf,Katı Cisimler,yüzey / hacim / açınım,üç boyutlu modeli parçalama,geometrik düzenek,tek temsilli,şekil,yorum/ilişki kurma,düşük,düşük,düşük,orta,hayır,verileni ayır → uygun temsili kur → koşulu uygula → seçenek/sınırla kontrol et,seçenek eleme veya tersine çalışma; şekil sorusunda yardımcı çizgi/oran,alan-hacim ve birim ayrımı,alan-hacim ve birim ayrımı,kolay-orta,75,düşük,metin-cikmadi,Baskın beceriye göre DRKOÇ editöryal sınıflandırması; soru metni yeniden yayımlanmamıştır.
